x_label;y_label;cl_x;cl_y;hl_x;hl_y;tube_id
2;1;71,938;0,704;0,812;0,704;TUBE.1
4;1;71,125;0,704;1,625;0,704;TUBE.2
6;1;70,312;0,704;2,438;0,704;TUBE.3
8;1;69,5;0,704;3,25;0,704;TUBE.4
10;1;68,688;0,704;4,062;0,704;TUBE.5
12;1;67,875;0,704;4,875;0,704;TUBE.6
14;1;67,062;0,704;5,688;0,704;TUBE.7
16;1;66,25;0,704;6,5;0,704;TUBE.8
18;1;65,438;0,704;7,312;0,704;TUBE.9
20;1;64,625;0,704;8,125;0,704;TUBE.10
22;1;63,812;0,704;8,938;0,704;TUBE.11
24;1;63;0,704;9,75;0,704;TUBE.12
26;1;62,188;0,704;10,562;0,704;TUBE.13
28;1;61,375;0,704;11,375;0,704;TUBE.14
30;1;60,562;0,704;12,188;0,704;TUBE.15
32;1;59,75;0,704;13;0,704;TUBE.16
34;1;58,938;0,704;13,812;0,704;TUBE.17
36;1;58,125;0,704;14,625;0,704;TUBE.18
38;1;57,312;0,704;15,438;0,704;TUBE.19
40;1;56,5;0,704;16,25;0,704;TUBE.20
42;1;55,688;0,704;17,062;0,704;TUBE.21
44;1;54,875;0,704;17,875;0,704;TUBE.22
46;1;54,062;0,704;18,688;0,704;TUBE.23
48;1;53,25;0,704;19,5;0,704;TUBE.24
50;1;52,438;0,704;20,312;0,704;TUBE.25
52;1;51,625;0,704;21,125;0,704;TUBE.26
54;1;50,812;0,704;21,938;0,704;TUBE.27
56;1;50;0,704;22,75;0,704;TUBE.28
58;1;49,188;0,704;23,562;0,704;TUBE.29
60;1;48,375;0,704;24,375;0,704;TUBE.30
62;1;47,562;0,704;25,188;0,704;TUBE.31
64;1;46,75;0,704;26;0,704;TUBE.32
66;1;45,938;0,704;26,812;0,704;TUBE.33
68;1;45,125;0,704;27,625;0,704;TUBE.34
70;1;44,312;0,704;28,438;0,704;TUBE.35
72;1;43,5;0,704;29,25;0,704;TUBE.36
74;1;42,688;0,704;30,062;0,704;TUBE.37
76;1;41,875;0,704;30,875;0,704;TUBE.38
78;1;41,062;0,704;31,688;0,704;TUBE.39
80;1;40,25;0,704;32,5;0,704;TUBE.40
82;1;39,438;0,704;33,312;0,704;TUBE.41
84;1;38,625;0,704;34,125;0,704;TUBE.42
86;1;37,812;0,704;34,938;0,704;TUBE.43
90;1;34,938;0,704;37,812;0,704;TUBE.44
92;1;34,125;0,704;38,625;0,704;TUBE.45
94;1;33,312;0,704;39,438;0,704;TUBE.46
96;1;32,5;0,704;40,25;0,704;TUBE.47
98;1;31,688;0,704;41,062;0,704;TUBE.48
100;1;30,875;0,704;41,875;0,704;TUBE.49
102;1;30,062;0,704;42,688;0,704;TUBE.50
104;1;29,25;0,704;43,5;0,704;TUBE.51
106;1;28,438;0,704;44,312;0,704;TUBE.52
108;1;27,625;0,704;45,125;0,704;TUBE.53
110;1;26,812;0,704;45,938;0,704;TUBE.54
112;1;26;0,704;46,75;0,704;TUBE.55
114;1;25,188;0,704;47,562;0,704;TUBE.56
116;1;24,375;0,704;48,375;0,704;TUBE.57
118;1;23,562;0,704;49,188;0,704;TUBE.58
120;1;22,75;0,704;50;0,704;TUBE.59
122;1;21,938;0,704;50,812;0,704;TUBE.60
124;1;21,125;0,704;51,625;0,704;TUBE.61
126;1;20,312;0,704;52,438;0,704;TUBE.62
128;1;19,5;0,704;53,25;0,704;TUBE.63
130;1;18,688;0,704;54,062;0,704;TUBE.64
132;1;17,875;0,704;54,875;0,704;TUBE.65
134;1;17,062;0,704;55,688;0,704;TUBE.66
136;1;16,25;0,704;56,5;0,704;TUBE.67
138;1;15,438;0,704;57,312;0,704;TUBE.68
140;1;14,625;0,704;58,125;0,704;TUBE.69
142;1;13,812;0,704;58,938;0,704;TUBE.70
144;1;13;0,704;59,75;0,704;TUBE.71
146;1;12,188;0,704;60,562;0,704;TUBE.72
148;1;11,375;0,704;61,375;0,704;TUBE.73
150;1;10,562;0,704;62,188;0,704;TUBE.74
152;1;9,75;0,704;63;0,704;TUBE.75
154;1;8,938;0,704;63,812;0,704;TUBE.76
156;1;8,125;0,704;64,625;0,704;TUBE.77
158;1;7,312;0,704;65,438;0,704;TUBE.78
160;1;6,5;0,704;66,25;0,704;TUBE.79
162;1;5,688;0,704;67,062;0,704;TUBE.80
164;1;4,875;0,704;67,875;0,704;TUBE.81
166;1;4,062;0,704;68,688;0,704;TUBE.82
168;1;3,25;0,704;69,5;0,704;TUBE.83
170;1;2,438;0,704;70,312;0,704;TUBE.84
172;1;1,625;0,704;71,125;0,704;TUBE.85
174;1;0,812;0,704;71,938;0,704;TUBE.86
1;2;72,344;1,407;0,406;1,407;TUBE.87
3;2;71,531;1,407;1,219;1,407;TUBE.88
5;2;70,719;1,407;2,031;1,407;TUBE.89
7;2;69,906;1,407;2,844;1,407;TUBE.90
9;2;69,094;1,407;3,656;1,407;TUBE.91
11;2;68,281;1,407;4,469;1,407;TUBE.92
13;2;67,469;1,407;5,281;1,407;TUBE.93
15;2;66,656;1,407;6,094;1,407;TUBE.94
17;2;65,844;1,407;6,906;1,407;TUBE.95
19;2;65,031;1,407;7,719;1,407;TUBE.96
21;2;64,219;1,407;8,531;1,407;TUBE.97
23;2;63,406;1,407;9,344;1,407;TUBE.98
25;2;62,594;1,407;10,156;1,407;TUBE.99
27;2;61,781;1,407;10,969;1,407;TUBE.100
29;2;60,969;1,407;11,781;1,407;TUBE.101
31;2;60,156;1,407;12,594;1,407;TUBE.102
33;2;59,344;1,407;13,406;1,407;TUBE.103
35;2;58,531;1,407;14,219;1,407;TUBE.104
37;2;57,719;1,407;15,031;1,407;TUBE.105
39;2;56,906;1,407;15,844;1,407;TUBE.106
41;2;56,094;1,407;16,656;1,407;TUBE.107
43;2;55,281;1,407;17,469;1,407;TUBE.108
45;2;54,469;1,407;18,281;1,407;TUBE.109
47;2;53,656;1,407;19,094;1,407;TUBE.110
49;2;52,844;1,407;19,906;1,407;TUBE.111
51;2;52,031;1,407;20,719;1,407;TUBE.112
53;2;51,219;1,407;21,531;1,407;TUBE.113
55;2;50,406;1,407;22,344;1,407;TUBE.114
57;2;49,594;1,407;23,156;1,407;TUBE.115
59;2;48,781;1,407;23,969;1,407;TUBE.116
61;2;47,969;1,407;24,781;1,407;TUBE.117
63;2;47,156;1,407;25,594;1,407;TUBE.118
65;2;46,344;1,407;26,406;1,407;TUBE.119
67;2;45,531;1,407;27,219;1,407;TUBE.120
69;2;44,719;1,407;28,031;1,407;TUBE.121
71;2;43,906;1,407;28,844;1,407;TUBE.122
73;2;43,094;1,407;29,656;1,407;TUBE.123
75;2;42,281;1,407;30,469;1,407;TUBE.124
77;2;41,469;1,407;31,281;1,407;TUBE.125
79;2;40,656;1,407;32,094;1,407;TUBE.126
81;2;39,844;1,407;32,906;1,407;TUBE.127
83;2;39,031;1,407;33,719;1,407;TUBE.128
85;2;38,219;1,407;34,531;1,407;TUBE.129
87;2;37,406;1,407;35,344;1,407;TUBE.130
89;2;35,344;1,407;37,406;1,407;TUBE.131
91;2;34,531;1,407;38,219;1,407;TUBE.132
93;2;33,719;1,407;39,031;1,407;TUBE.133
95;2;32,906;1,407;39,844;1,407;TUBE.134
97;2;32,094;1,407;40,656;1,407;TUBE.135
99;2;31,281;1,407;41,469;1,407;TUBE.136
101;2;30,469;1,407;42,281;1,407;TUBE.137
103;2;29,656;1,407;43,094;1,407;TUBE.138
105;2;28,844;1,407;43,906;1,407;TUBE.139
107;2;28,031;1,407;44,719;1,407;TUBE.140
109;2;27,219;1,407;45,531;1,407;TUBE.141
111;2;26,406;1,407;46,344;1,407;TUBE.142
113;2;25,594;1,407;47,156;1,407;TUBE.143
115;2;24,781;1,407;47,969;1,407;TUBE.144
117;2;23,969;1,407;48,781;1,407;TUBE.145
119;2;23,156;1,407;49,594;1,407;TUBE.146
121;2;22,344;1,407;50,406;1,407;TUBE.147
123;2;21,531;1,407;51,219;1,407;TUBE.148
125;2;20,719;1,407;52,031;1,407;TUBE.149
127;2;19,906;1,407;52,844;1,407;TUBE.150
129;2;19,094;1,407;53,656;1,407;TUBE.151
131;2;18,281;1,407;54,469;1,407;TUBE.152
133;2;17,469;1,407;55,281;1,407;TUBE.153
135;2;16,656;1,407;56,094;1,407;TUBE.154
137;2;15,844;1,407;56,906;1,407;TUBE.155
139;2;15,031;1,407;57,719;1,407;TUBE.156
141;2;14,219;1,407;58,531;1,407;TUBE.157
143;2;13,406;1,407;59,344;1,407;TUBE.158
145;2;12,594;1,407;60,156;1,407;TUBE.159
147;2;11,781;1,407;60,969;1,407;TUBE.160
149;2;10,969;1,407;61,781;1,407;TUBE.161
151;2;10,156;1,407;62,594;1,407;TUBE.162
153;2;9,344;1,407;63,406;1,407;TUBE.163
155;2;8,531;1,407;64,219;1,407;TUBE.164
157;2;7,719;1,407;65,031;1,407;TUBE.165
159;2;6,906;1,407;65,844;1,407;TUBE.166
161;2;6,094;1,407;66,656;1,407;TUBE.167
163;2;5,281;1,407;67,469;1,407;TUBE.168
165;2;4,469;1,407;68,281;1,407;TUBE.169
167;2;3,656;1,407;69,094;1,407;TUBE.170
169;2;2,844;1,407;69,906;1,407;TUBE.171
171;2;2,031;1,407;70,719;1,407;TUBE.172
173;2;1,219;1,407;71,531;1,407;TUBE.173
175;2;0,406;1,407;72,344;1,407;TUBE.174
2;3;71,938;2,111;0,812;2,111;TUBE.175
4;3;71,125;2,111;1,625;2,111;TUBE.176
6;3;70,312;2,111;2,438;2,111;TUBE.177
8;3;69,5;2,111;3,25;2,111;TUBE.178
10;3;68,688;2,111;4,062;2,111;TUBE.179
12;3;67,875;2,111;4,875;2,111;TUBE.180
14;3;67,062;2,111;5,688;2,111;TUBE.181
16;3;66,25;2,111;6,5;2,111;TUBE.182
18;3;65,438;2,111;7,312;2,111;TUBE.183
20;3;64,625;2,111;8,125;2,111;TUBE.184
22;3;63,812;2,111;8,938;2,111;TUBE.185
24;3;63;2,111;9,75;2,111;TUBE.186
26;3;62,188;2,111;10,562;2,111;TUBE.187
28;3;61,375;2,111;11,375;2,111;TUBE.188
30;3;60,562;2,111;12,188;2,111;TUBE.189
32;3;59,75;2,111;13;2,111;TUBE.190
34;3;58,938;2,111;13,812;2,111;TUBE.191
36;3;58,125;2,111;14,625;2,111;TUBE.192
38;3;57,312;2,111;15,438;2,111;TUBE.193
40;3;56,5;2,111;16,25;2,111;TUBE.194
42;3;55,688;2,111;17,062;2,111;TUBE.195
44;3;54,875;2,111;17,875;2,111;TUBE.196
46;3;54,062;2,111;18,688;2,111;TUBE.197
48;3;53,25;2,111;19,5;2,111;TUBE.198
50;3;52,438;2,111;20,312;2,111;TUBE.199
52;3;51,625;2,111;21,125;2,111;TUBE.200
54;3;50,812;2,111;21,938;2,111;TUBE.201
56;3;50;2,111;22,75;2,111;TUBE.202
58;3;49,188;2,111;23,562;2,111;TUBE.203
60;3;48,375;2,111;24,375;2,111;TUBE.204
62;3;47,562;2,111;25,188;2,111;TUBE.205
64;3;46,75;2,111;26;2,111;TUBE.206
66;3;45,938;2,111;26,812;2,111;TUBE.207
68;3;45,125;2,111;27,625;2,111;TUBE.208
70;3;44,312;2,111;28,438;2,111;TUBE.209
72;3;43,5;2,111;29,25;2,111;TUBE.210
74;3;42,688;2,111;30,062;2,111;TUBE.211
76;3;41,875;2,111;30,875;2,111;TUBE.212
78;3;41,062;2,111;31,688;2,111;TUBE.213
80;3;40,25;2,111;32,5;2,111;TUBE.214
82;3;39,438;2,111;33,312;2,111;TUBE.215
84;3;38,625;2,111;34,125;2,111;TUBE.216
86;3;37,812;2,111;34,938;2,111;TUBE.217
90;3;34,938;2,111;37,812;2,111;TUBE.218
92;3;34,125;2,111;38,625;2,111;TUBE.219
94;3;33,312;2,111;39,438;2,111;TUBE.220
96;3;32,5;2,111;40,25;2,111;TUBE.221
98;3;31,688;2,111;41,062;2,111;TUBE.222
100;3;30,875;2,111;41,875;2,111;TUBE.223
102;3;30,062;2,111;42,688;2,111;TUBE.224
104;3;29,25;2,111;43,5;2,111;TUBE.225
106;3;28,438;2,111;44,312;2,111;TUBE.226
108;3;27,625;2,111;45,125;2,111;TUBE.227
110;3;26,812;2,111;45,938;2,111;TUBE.228
112;3;26;2,111;46,75;2,111;TUBE.229
114;3;25,188;2,111;47,562;2,111;TUBE.230
116;3;24,375;2,111;48,375;2,111;TUBE.231
118;3;23,562;2,111;49,188;2,111;TUBE.232
120;3;22,75;2,111;50;2,111;TUBE.233
122;3;21,938;2,111;50,812;2,111;TUBE.234
124;3;21,125;2,111;51,625;2,111;TUBE.235
126;3;20,312;2,111;52,438;2,111;TUBE.236
128;3;19,5;2,111;53,25;2,111;TUBE.237
130;3;18,688;2,111;54,062;2,111;TUBE.238
132;3;17,875;2,111;54,875;2,111;TUBE.239
134;3;17,062;2,111;55,688;2,111;TUBE.240
136;3;16,25;2,111;56,5;2,111;TUBE.241
138;3;15,438;2,111;57,312;2,111;TUBE.242
140;3;14,625;2,111;58,125;2,111;TUBE.243
142;3;13,812;2,111;58,938;2,111;TUBE.244
144;3;13;2,111;59,75;2,111;TUBE.245
146;3;12,188;2,111;60,562;2,111;TUBE.246
148;3;11,375;2,111;61,375;2,111;TUBE.247
150;3;10,562;2,111;62,188;2,111;TUBE.248
152;3;9,75;2,111;63;2,111;TUBE.249
154;3;8,938;2,111;63,812;2,111;TUBE.250
156;3;8,125;2,111;64,625;2,111;TUBE.251
158;3;7,312;2,111;65,438;2,111;TUBE.252
160;3;6,5;2,111;66,25;2,111;TUBE.253
162;3;5,688;2,111;67,062;2,111;TUBE.254
164;3;4,875;2,111;67,875;2,111;TUBE.255
166;3;4,062;2,111;68,688;2,111;TUBE.256
168;3;3,25;2,111;69,5;2,111;TUBE.257
170;3;2,438;2,111;70,312;2,111;TUBE.258
172;3;1,625;2,111;71,125;2,111;TUBE.259
174;3;0,812;2,111;71,938;2,111;TUBE.260
3;4;71,531;2,815;1,219;2,815;TUBE.261
5;4;70,719;2,815;2,031;2,815;TUBE.262
7;4;69,906;2,815;2,844;2,815;TUBE.263
9;4;69,094;2,815;3,656;2,815;TUBE.264
11;4;68,281;2,815;4,469;2,815;TUBE.265
13;4;67,469;2,815;5,281;2,815;TUBE.266
15;4;66,656;2,815;6,094;2,815;TUBE.267
17;4;65,844;2,815;6,906;2,815;TUBE.268
19;4;65,031;2,815;7,719;2,815;TUBE.269
21;4;64,219;2,815;8,531;2,815;TUBE.270
23;4;63,406;2,815;9,344;2,815;TUBE.271
25;4;62,594;2,815;10,156;2,815;TUBE.272
27;4;61,781;2,815;10,969;2,815;TUBE.273
29;4;60,969;2,815;11,781;2,815;TUBE.274
31;4;60,156;2,815;12,594;2,815;TUBE.275
33;4;59,344;2,815;13,406;2,815;TUBE.276
35;4;58,531;2,815;14,219;2,815;TUBE.277
37;4;57,719;2,815;15,031;2,815;TUBE.278
39;4;56,906;2,815;15,844;2,815;TUBE.279
41;4;56,094;2,815;16,656;2,815;TUBE.280
43;4;55,281;2,815;17,469;2,815;TUBE.281
45;4;54,469;2,815;18,281;2,815;TUBE.282
47;4;53,656;2,815;19,094;2,815;TUBE.283
49;4;52,844;2,815;19,906;2,815;TUBE.284
51;4;52,031;2,815;20,719;2,815;TUBE.285
53;4;51,219;2,815;21,531;2,815;TUBE.286
55;4;50,406;2,815;22,344;2,815;TUBE.287
57;4;49,594;2,815;23,156;2,815;TUBE.288
59;4;48,781;2,815;23,969;2,815;TUBE.289
61;4;47,969;2,815;24,781;2,815;TUBE.290
63;4;47,156;2,815;25,594;2,815;TUBE.291
65;4;46,344;2,815;26,406;2,815;TUBE.292
67;4;45,531;2,815;27,219;2,815;TUBE.293
69;4;44,719;2,815;28,031;2,815;TUBE.294
71;4;43,906;2,815;28,844;2,815;TUBE.295
73;4;43,094;2,815;29,656;2,815;TUBE.296
75;4;42,281;2,815;30,469;2,815;TUBE.297
77;4;41,469;2,815;31,281;2,815;TUBE.298
79;4;40,656;2,815;32,094;2,815;TUBE.299
81;4;39,844;2,815;32,906;2,815;TUBE.300
83;4;39,031;2,815;33,719;2,815;TUBE.301
85;4;38,219;2,815;34,531;2,815;TUBE.302
87;4;37,406;2,815;35,344;2,815;TUBE.303
89;4;35,344;2,815;37,406;2,815;TUBE.304
91;4;34,531;2,815;38,219;2,815;TUBE.305
93;4;33,719;2,815;39,031;2,815;TUBE.306
95;4;32,906;2,815;39,844;2,815;TUBE.307
97;4;32,094;2,815;40,656;2,815;TUBE.308
99;4;31,281;2,815;41,469;2,815;TUBE.309
101;4;30,469;2,815;42,281;2,815;TUBE.310
103;4;29,656;2,815;43,094;2,815;TUBE.311
105;4;28,844;2,815;43,906;2,815;TUBE.312
107;4;28,031;2,815;44,719;2,815;TUBE.313
109;4;27,219;2,815;45,531;2,815;TUBE.314
111;4;26,406;2,815;46,344;2,815;TUBE.315
113;4;25,594;2,815;47,156;2,815;TUBE.316
115;4;24,781;2,815;47,969;2,815;TUBE.317
117;4;23,969;2,815;48,781;2,815;TUBE.318
119;4;23,156;2,815;49,594;2,815;TUBE.319
121;4;22,344;2,815;50,406;2,815;TUBE.320
123;4;21,531;2,815;51,219;2,815;TUBE.321
125;4;20,719;2,815;52,031;2,815;TUBE.322
127;4;19,906;2,815;52,844;2,815;TUBE.323
129;4;19,094;2,815;53,656;2,815;TUBE.324
131;4;18,281;2,815;54,469;2,815;TUBE.325
133;4;17,469;2,815;55,281;2,815;TUBE.326
135;4;16,656;2,815;56,094;2,815;TUBE.327
137;4;15,844;2,815;56,906;2,815;TUBE.328
139;4;15,031;2,815;57,719;2,815;TUBE.329
141;4;14,219;2,815;58,531;2,815;TUBE.330
143;4;13,406;2,815;59,344;2,815;TUBE.331
145;4;12,594;2,815;60,156;2,815;TUBE.332
147;4;11,781;2,815;60,969;2,815;TUBE.333
149;4;10,969;2,815;61,781;2,815;TUBE.334
151;4;10,156;2,815;62,594;2,815;TUBE.335
153;4;9,344;2,815;63,406;2,815;TUBE.336
155;4;8,531;2,815;64,219;2,815;TUBE.337
157;4;7,719;2,815;65,031;2,815;TUBE.338
159;4;6,906;2,815;65,844;2,815;TUBE.339
161;4;6,094;2,815;66,656;2,815;TUBE.340
163;4;5,281;2,815;67,469;2,815;TUBE.341
165;4;4,469;2,815;68,281;2,815;TUBE.342
167;4;3,656;2,815;69,094;2,815;TUBE.343
169;4;2,844;2,815;69,906;2,815;TUBE.344
171;4;2,031;2,815;70,719;2,815;TUBE.345
173;4;1,219;2,815;71,531;2,815;TUBE.346
2;5;71,938;3,518;0,812;3,518;TUBE.347
4;5;71,125;3,518;1,625;3,518;TUBE.348
6;5;70,312;3,518;2,438;3,518;TUBE.349
8;5;69,5;3,518;3,25;3,518;TUBE.350
10;5;68,688;3,518;4,062;3,518;TUBE.351
12;5;67,875;3,518;4,875;3,518;TUBE.352
14;5;67,062;3,518;5,688;3,518;TUBE.353
16;5;66,25;3,518;6,5;3,518;TUBE.354
18;5;65,438;3,518;7,312;3,518;TUBE.355
20;5;64,625;3,518;8,125;3,518;TUBE.356
22;5;63,812;3,518;8,938;3,518;TUBE.357
24;5;63;3,518;9,75;3,518;TUBE.358
26;5;62,188;3,518;10,562;3,518;TUBE.359
28;5;61,375;3,518;11,375;3,518;TUBE.360
30;5;60,562;3,518;12,188;3,518;TUBE.361
32;5;59,75;3,518;13;3,518;TUBE.362
34;5;58,938;3,518;13,812;3,518;TUBE.363
36;5;58,125;3,518;14,625;3,518;TUBE.364
38;5;57,312;3,518;15,438;3,518;TUBE.365
40;5;56,5;3,518;16,25;3,518;TUBE.366
42;5;55,688;3,518;17,062;3,518;TUBE.367
44;5;54,875;3,518;17,875;3,518;TUBE.368
46;5;54,062;3,518;18,688;3,518;TUBE.369
48;5;53,25;3,518;19,5;3,518;TUBE.370
50;5;52,438;3,518;20,312;3,518;TUBE.371
52;5;51,625;3,518;21,125;3,518;TUBE.372
54;5;50,812;3,518;21,938;3,518;TUBE.373
56;5;50;3,518;22,75;3,518;TUBE.374
58;5;49,188;3,518;23,562;3,518;TUBE.375
60;5;48,375;3,518;24,375;3,518;TUBE.376
62;5;47,562;3,518;25,188;3,518;TUBE.377
64;5;46,75;3,518;26;3,518;TUBE.378
66;5;45,938;3,518;26,812;3,518;TUBE.379
68;5;45,125;3,518;27,625;3,518;TUBE.380
70;5;44,312;3,518;28,438;3,518;TUBE.381
72;5;43,5;3,518;29,25;3,518;TUBE.382
74;5;42,688;3,518;30,062;3,518;TUBE.383
76;5;41,875;3,518;30,875;3,518;TUBE.384
78;5;41,062;3,518;31,688;3,518;TUBE.385
80;5;40,25;3,518;32,5;3,518;TUBE.386
82;5;39,438;3,518;33,312;3,518;TUBE.387
84;5;38,625;3,518;34,125;3,518;TUBE.388
86;5;37,812;3,518;34,938;3,518;TUBE.389
90;5;34,938;3,518;37,812;3,518;TUBE.390
92;5;34,125;3,518;38,625;3,518;TUBE.391
94;5;33,312;3,518;39,438;3,518;TUBE.392
96;5;32,5;3,518;40,25;3,518;TUBE.393
98;5;31,688;3,518;41,062;3,518;TUBE.394
100;5;30,875;3,518;41,875;3,518;TUBE.395
102;5;30,062;3,518;42,688;3,518;TUBE.396
104;5;29,25;3,518;43,5;3,518;TUBE.397
106;5;28,438;3,518;44,312;3,518;TUBE.398
108;5;27,625;3,518;45,125;3,518;TUBE.399
110;5;26,812;3,518;45,938;3,518;TUBE.400
112;5;26;3,518;46,75;3,518;TUBE.401
114;5;25,188;3,518;47,562;3,518;TUBE.402
116;5;24,375;3,518;48,375;3,518;TUBE.403
118;5;23,562;3,518;49,188;3,518;TUBE.404
120;5;22,75;3,518;50;3,518;TUBE.405
122;5;21,938;3,518;50,812;3,518;TUBE.406
124;5;21,125;3,518;51,625;3,518;TUBE.407
126;5;20,312;3,518;52,438;3,518;TUBE.408
128;5;19,5;3,518;53,25;3,518;TUBE.409
130;5;18,688;3,518;54,062;3,518;TUBE.410
132;5;17,875;3,518;54,875;3,518;TUBE.411
134;5;17,062;3,518;55,688;3,518;TUBE.412
136;5;16,25;3,518;56,5;3,518;TUBE.413
138;5;15,438;3,518;57,312;3,518;TUBE.414
140;5;14,625;3,518;58,125;3,518;TUBE.415
142;5;13,812;3,518;58,938;3,518;TUBE.416
144;5;13;3,518;59,75;3,518;TUBE.417
146;5;12,188;3,518;60,562;3,518;TUBE.418
148;5;11,375;3,518;61,375;3,518;TUBE.419
150;5;10,562;3,518;62,188;3,518;TUBE.420
152;5;9,75;3,518;63;3,518;TUBE.421
154;5;8,938;3,518;63,812;3,518;TUBE.422
156;5;8,125;3,518;64,625;3,518;TUBE.423
158;5;7,312;3,518;65,438;3,518;TUBE.424
160;5;6,5;3,518;66,25;3,518;TUBE.425
162;5;5,688;3,518;67,062;3,518;TUBE.426
164;5;4,875;3,518;67,875;3,518;TUBE.427
166;5;4,062;3,518;68,688;3,518;TUBE.428
168;5;3,25;3,518;69,5;3,518;TUBE.429
170;5;2,438;3,518;70,312;3,518;TUBE.430
172;5;1,625;3,518;71,125;3,518;TUBE.431
174;5;0,812;3,518;71,938;3,518;TUBE.432
3;6;71,531;4,222;1,219;4,222;TUBE.433
5;6;70,719;4,222;2,031;4,222;TUBE.434
7;6;69,906;4,222;2,844;4,222;TUBE.435
9;6;69,094;4,222;3,656;4,222;TUBE.436
11;6;68,281;4,222;4,469;4,222;TUBE.437
13;6;67,469;4,222;5,281;4,222;TUBE.438
15;6;66,656;4,222;6,094;4,222;TUBE.439
17;6;65,844;4,222;6,906;4,222;TUBE.440
19;6;65,031;4,222;7,719;4,222;TUBE.441
21;6;64,219;4,222;8,531;4,222;TUBE.442
23;6;63,406;4,222;9,344;4,222;TUBE.443
25;6;62,594;4,222;10,156;4,222;TUBE.444
27;6;61,781;4,222;10,969;4,222;TUBE.445
29;6;60,969;4,222;11,781;4,222;TUBE.446
31;6;60,156;4,222;12,594;4,222;TUBE.447
33;6;59,344;4,222;13,406;4,222;TUBE.448
35;6;58,531;4,222;14,219;4,222;TUBE.449
37;6;57,719;4,222;15,031;4,222;TUBE.450
39;6;56,906;4,222;15,844;4,222;TUBE.451
41;6;56,094;4,222;16,656;4,222;TUBE.452
43;6;55,281;4,222;17,469;4,222;TUBE.453
45;6;54,469;4,222;18,281;4,222;TUBE.454
47;6;53,656;4,222;19,094;4,222;TUBE.455
49;6;52,844;4,222;19,906;4,222;TUBE.456
51;6;52,031;4,222;20,719;4,222;TUBE.457
53;6;51,219;4,222;21,531;4,222;TUBE.458
55;6;50,406;4,222;22,344;4,222;TUBE.459
57;6;49,594;4,222;23,156;4,222;TUBE.460
59;6;48,781;4,222;23,969;4,222;TUBE.461
61;6;47,969;4,222;24,781;4,222;TUBE.462
63;6;47,156;4,222;25,594;4,222;TUBE.463
65;6;46,344;4,222;26,406;4,222;TUBE.464
67;6;45,531;4,222;27,219;4,222;TUBE.465
69;6;44,719;4,222;28,031;4,222;TUBE.466
71;6;43,906;4,222;28,844;4,222;TUBE.467
73;6;43,094;4,222;29,656;4,222;TUBE.468
75;6;42,281;4,222;30,469;4,222;TUBE.469
77;6;41,469;4,222;31,281;4,222;TUBE.470
79;6;40,656;4,222;32,094;4,222;TUBE.471
81;6;39,844;4,222;32,906;4,222;TUBE.472
83;6;39,031;4,222;33,719;4,222;TUBE.473
85;6;38,219;4,222;34,531;4,222;TUBE.474
87;6;37,406;4,222;35,344;4,222;TUBE.475
89;6;35,344;4,222;37,406;4,222;TUBE.476
91;6;34,531;4,222;38,219;4,222;TUBE.477
93;6;33,719;4,222;39,031;4,222;TUBE.478
95;6;32,906;4,222;39,844;4,222;TUBE.479
97;6;32,094;4,222;40,656;4,222;TUBE.480
99;6;31,281;4,222;41,469;4,222;TUBE.481
101;6;30,469;4,222;42,281;4,222;TUBE.482
103;6;29,656;4,222;43,094;4,222;TUBE.483
105;6;28,844;4,222;43,906;4,222;TUBE.484
107;6;28,031;4,222;44,719;4,222;TUBE.485
109;6;27,219;4,222;45,531;4,222;TUBE.486
111;6;26,406;4,222;46,344;4,222;TUBE.487
113;6;25,594;4,222;47,156;4,222;TUBE.488
115;6;24,781;4,222;47,969;4,222;TUBE.489
117;6;23,969;4,222;48,781;4,222;TUBE.490
119;6;23,156;4,222;49,594;4,222;TUBE.491
121;6;22,344;4,222;50,406;4,222;TUBE.492
123;6;21,531;4,222;51,219;4,222;TUBE.493
125;6;20,719;4,222;52,031;4,222;TUBE.494
127;6;19,906;4,222;52,844;4,222;TUBE.495
129;6;19,094;4,222;53,656;4,222;TUBE.496
131;6;18,281;4,222;54,469;4,222;TUBE.497
133;6;17,469;4,222;55,281;4,222;TUBE.498
135;6;16,656;4,222;56,094;4,222;TUBE.499
137;6;15,844;4,222;56,906;4,222;TUBE.500
139;6;15,031;4,222;57,719;4,222;TUBE.501
141;6;14,219;4,222;58,531;4,222;TUBE.502
143;6;13,406;4,222;59,344;4,222;TUBE.503
145;6;12,594;4,222;60,156;4,222;TUBE.504
147;6;11,781;4,222;60,969;4,222;TUBE.505
149;6;10,969;4,222;61,781;4,222;TUBE.506
151;6;10,156;4,222;62,594;4,222;TUBE.507
153;6;9,344;4,222;63,406;4,222;TUBE.508
155;6;8,531;4,222;64,219;4,222;TUBE.509
157;6;7,719;4,222;65,031;4,222;TUBE.510
159;6;6,906;4,222;65,844;4,222;TUBE.511
161;6;6,094;4,222;66,656;4,222;TUBE.512
163;6;5,281;4,222;67,469;4,222;TUBE.513
165;6;4,469;4,222;68,281;4,222;TUBE.514
167;6;3,656;4,222;69,094;4,222;TUBE.515
169;6;2,844;4,222;69,906;4,222;TUBE.516
171;6;2,031;4,222;70,719;4,222;TUBE.517
173;6;1,219;4,222;71,531;4,222;TUBE.518
4;7;71,125;4,925;1,625;4,925;TUBE.519
6;7;70,312;4,925;2,438;4,925;TUBE.520
8;7;69,5;4,925;3,25;4,925;TUBE.521
10;7;68,688;4,925;4,062;4,925;TUBE.522
12;7;67,875;4,925;4,875;4,925;TUBE.523
14;7;67,062;4,925;5,688;4,925;TUBE.524
16;7;66,25;4,925;6,5;4,925;TUBE.525
18;7;65,438;4,925;7,312;4,925;TUBE.526
20;7;64,625;4,925;8,125;4,925;TUBE.527
22;7;63,812;4,925;8,938;4,925;TUBE.528
24;7;63;4,925;9,75;4,925;TUBE.529
26;7;62,188;4,925;10,562;4,925;TUBE.530
28;7;61,375;4,925;11,375;4,925;TUBE.531
30;7;60,562;4,925;12,188;4,925;TUBE.532
32;7;59,75;4,925;13;4,925;TUBE.533
34;7;58,938;4,925;13,812;4,925;TUBE.534
36;7;58,125;4,925;14,625;4,925;TUBE.535
38;7;57,312;4,925;15,438;4,925;TUBE.536
40;7;56,5;4,925;16,25;4,925;TUBE.537
42;7;55,688;4,925;17,062;4,925;TUBE.538
44;7;54,875;4,925;17,875;4,925;TUBE.539
46;7;54,062;4,925;18,688;4,925;TUBE.540
48;7;53,25;4,925;19,5;4,925;TUBE.541
50;7;52,438;4,925;20,312;4,925;TUBE.542
52;7;51,625;4,925;21,125;4,925;TUBE.543
54;7;50,812;4,925;21,938;4,925;TUBE.544
56;7;50;4,925;22,75;4,925;TUBE.545
58;7;49,188;4,925;23,562;4,925;TUBE.546
60;7;48,375;4,925;24,375;4,925;TUBE.547
62;7;47,562;4,925;25,188;4,925;TUBE.548
64;7;46,75;4,925;26;4,925;TUBE.549
66;7;45,938;4,925;26,812;4,925;TUBE.550
68;7;45,125;4,925;27,625;4,925;TUBE.551
70;7;44,312;4,925;28,438;4,925;TUBE.552
72;7;43,5;4,925;29,25;4,925;TUBE.553
74;7;42,688;4,925;30,062;4,925;TUBE.554
76;7;41,875;4,925;30,875;4,925;TUBE.555
78;7;41,062;4,925;31,688;4,925;TUBE.556
80;7;40,25;4,925;32,5;4,925;TUBE.557
82;7;39,438;4,925;33,312;4,925;TUBE.558
84;7;38,625;4,925;34,125;4,925;TUBE.559
86;7;37,812;4,925;34,938;4,925;TUBE.560
90;7;34,938;4,925;37,812;4,925;TUBE.561
92;7;34,125;4,925;38,625;4,925;TUBE.562
94;7;33,312;4,925;39,438;4,925;TUBE.563
96;7;32,5;4,925;40,25;4,925;TUBE.564
98;7;31,688;4,925;41,062;4,925;TUBE.565
100;7;30,875;4,925;41,875;4,925;TUBE.566
102;7;30,062;4,925;42,688;4,925;TUBE.567
104;7;29,25;4,925;43,5;4,925;TUBE.568
106;7;28,438;4,925;44,312;4,925;TUBE.569
108;7;27,625;4,925;45,125;4,925;TUBE.570
110;7;26,812;4,925;45,938;4,925;TUBE.571
112;7;26;4,925;46,75;4,925;TUBE.572
114;7;25,188;4,925;47,562;4,925;TUBE.573
116;7;24,375;4,925;48,375;4,925;TUBE.574
118;7;23,562;4,925;49,188;4,925;TUBE.575
120;7;22,75;4,925;50;4,925;TUBE.576
122;7;21,938;4,925;50,812;4,925;TUBE.577
124;7;21,125;4,925;51,625;4,925;TUBE.578
126;7;20,312;4,925;52,438;4,925;TUBE.579
128;7;19,5;4,925;53,25;4,925;TUBE.580
130;7;18,688;4,925;54,062;4,925;TUBE.581
132;7;17,875;4,925;54,875;4,925;TUBE.582
134;7;17,062;4,925;55,688;4,925;TUBE.583
136;7;16,25;4,925;56,5;4,925;TUBE.584
138;7;15,438;4,925;57,312;4,925;TUBE.585
140;7;14,625;4,925;58,125;4,925;TUBE.586
142;7;13,812;4,925;58,938;4,925;TUBE.587
144;7;13;4,925;59,75;4,925;TUBE.588
146;7;12,188;4,925;60,562;4,925;TUBE.589
148;7;11,375;4,925;61,375;4,925;TUBE.590
150;7;10,562;4,925;62,188;4,925;TUBE.591
152;7;9,75;4,925;63;4,925;TUBE.592
154;7;8,938;4,925;63,812;4,925;TUBE.593
156;7;8,125;4,925;64,625;4,925;TUBE.594
158;7;7,312;4,925;65,438;4,925;TUBE.595
160;7;6,5;4,925;66,25;4,925;TUBE.596
162;7;5,688;4,925;67,062;4,925;TUBE.597
164;7;4,875;4,925;67,875;4,925;TUBE.598
166;7;4,062;4,925;68,688;4,925;TUBE.599
168;7;3,25;4,925;69,5;4,925;TUBE.600
170;7;2,438;4,925;70,312;4,925;TUBE.601
172;7;1,625;4,925;71,125;4,925;TUBE.602
5;8;70,719;5,629;2,031;5,629;TUBE.603
7;8;69,906;5,629;2,844;5,629;TUBE.604
9;8;69,094;5,629;3,656;5,629;TUBE.605
11;8;68,281;5,629;4,469;5,629;TUBE.606
13;8;67,469;5,629;5,281;5,629;TUBE.607
15;8;66,656;5,629;6,094;5,629;TUBE.608
17;8;65,844;5,629;6,906;5,629;TUBE.609
19;8;65,031;5,629;7,719;5,629;TUBE.610
21;8;64,219;5,629;8,531;5,629;TUBE.611
23;8;63,406;5,629;9,344;5,629;TUBE.612
25;8;62,594;5,629;10,156;5,629;TUBE.613
27;8;61,781;5,629;10,969;5,629;TUBE.614
29;8;60,969;5,629;11,781;5,629;TUBE.615
31;8;60,156;5,629;12,594;5,629;TUBE.616
33;8;59,344;5,629;13,406;5,629;TUBE.617
35;8;58,531;5,629;14,219;5,629;TUBE.618
37;8;57,719;5,629;15,031;5,629;TUBE.619
39;8;56,906;5,629;15,844;5,629;TUBE.620
41;8;56,094;5,629;16,656;5,629;TUBE.621
43;8;55,281;5,629;17,469;5,629;TUBE.622
45;8;54,469;5,629;18,281;5,629;TUBE.623
47;8;53,656;5,629;19,094;5,629;TUBE.624
49;8;52,844;5,629;19,906;5,629;TUBE.625
51;8;52,031;5,629;20,719;5,629;TUBE.626
53;8;51,219;5,629;21,531;5,629;TUBE.627
55;8;50,406;5,629;22,344;5,629;TUBE.628
57;8;49,594;5,629;23,156;5,629;TUBE.629
59;8;48,781;5,629;23,969;5,629;TUBE.630
61;8;47,969;5,629;24,781;5,629;TUBE.631
63;8;47,156;5,629;25,594;5,629;TUBE.632
65;8;46,344;5,629;26,406;5,629;TUBE.633
67;8;45,531;5,629;27,219;5,629;TUBE.634
69;8;44,719;5,629;28,031;5,629;TUBE.635
71;8;43,906;5,629;28,844;5,629;TUBE.636
73;8;43,094;5,629;29,656;5,629;TUBE.637
75;8;42,281;5,629;30,469;5,629;TUBE.638
77;8;41,469;5,629;31,281;5,629;TUBE.639
79;8;40,656;5,629;32,094;5,629;TUBE.640
81;8;39,844;5,629;32,906;5,629;TUBE.641
83;8;39,031;5,629;33,719;5,629;TUBE.642
85;8;38,219;5,629;34,531;5,629;TUBE.643
87;8;37,406;5,629;35,344;5,629;TUBE.644
89;8;35,344;5,629;37,406;5,629;TUBE.645
91;8;34,531;5,629;38,219;5,629;TUBE.646
93;8;33,719;5,629;39,031;5,629;TUBE.647
95;8;32,906;5,629;39,844;5,629;TUBE.648
97;8;32,094;5,629;40,656;5,629;TUBE.649
99;8;31,281;5,629;41,469;5,629;TUBE.650
101;8;30,469;5,629;42,281;5,629;TUBE.651
103;8;29,656;5,629;43,094;5,629;TUBE.652
105;8;28,844;5,629;43,906;5,629;TUBE.653
107;8;28,031;5,629;44,719;5,629;TUBE.654
109;8;27,219;5,629;45,531;5,629;TUBE.655
111;8;26,406;5,629;46,344;5,629;TUBE.656
113;8;25,594;5,629;47,156;5,629;TUBE.657
115;8;24,781;5,629;47,969;5,629;TUBE.658
117;8;23,969;5,629;48,781;5,629;TUBE.659
119;8;23,156;5,629;49,594;5,629;TUBE.660
121;8;22,344;5,629;50,406;5,629;TUBE.661
123;8;21,531;5,629;51,219;5,629;TUBE.662
125;8;20,719;5,629;52,031;5,629;TUBE.663
127;8;19,906;5,629;52,844;5,629;TUBE.664
129;8;19,094;5,629;53,656;5,629;TUBE.665
131;8;18,281;5,629;54,469;5,629;TUBE.666
133;8;17,469;5,629;55,281;5,629;TUBE.667
135;8;16,656;5,629;56,094;5,629;TUBE.668
137;8;15,844;5,629;56,906;5,629;TUBE.669
139;8;15,031;5,629;57,719;5,629;TUBE.670
141;8;14,219;5,629;58,531;5,629;TUBE.671
143;8;13,406;5,629;59,344;5,629;TUBE.672
145;8;12,594;5,629;60,156;5,629;TUBE.673
147;8;11,781;5,629;60,969;5,629;TUBE.674
149;8;10,969;5,629;61,781;5,629;TUBE.675
151;8;10,156;5,629;62,594;5,629;TUBE.676
153;8;9,344;5,629;63,406;5,629;TUBE.677
155;8;8,531;5,629;64,219;5,629;TUBE.678
157;8;7,719;5,629;65,031;5,629;TUBE.679
159;8;6,906;5,629;65,844;5,629;TUBE.680
161;8;6,094;5,629;66,656;5,629;TUBE.681
163;8;5,281;5,629;67,469;5,629;TUBE.682
165;8;4,469;5,629;68,281;5,629;TUBE.683
167;8;3,656;5,629;69,094;5,629;TUBE.684
169;8;2,844;5,629;69,906;5,629;TUBE.685
171;8;2,031;5,629;70,719;5,629;TUBE.686
6;9;70,312;6,333;2,438;6,333;TUBE.687
8;9;69,5;6,333;3,25;6,333;TUBE.688
10;9;68,688;6,333;4,062;6,333;TUBE.689
12;9;67,875;6,333;4,875;6,333;TUBE.690
14;9;67,062;6,333;5,688;6,333;TUBE.691
16;9;66,25;6,333;6,5;6,333;TUBE.692
18;9;65,438;6,333;7,312;6,333;TUBE.693
20;9;64,625;6,333;8,125;6,333;TUBE.694
22;9;63,812;6,333;8,938;6,333;TUBE.695
24;9;63;6,333;9,75;6,333;TUBE.696
26;9;62,188;6,333;10,562;6,333;TUBE.697
28;9;61,375;6,333;11,375;6,333;TUBE.698
30;9;60,562;6,333;12,188;6,333;TUBE.699
32;9;59,75;6,333;13;6,333;TUBE.700
34;9;58,938;6,333;13,812;6,333;TUBE.701
36;9;58,125;6,333;14,625;6,333;TUBE.702
38;9;57,312;6,333;15,438;6,333;TUBE.703
40;9;56,5;6,333;16,25;6,333;TUBE.704
42;9;55,688;6,333;17,062;6,333;TUBE.705
44;9;54,875;6,333;17,875;6,333;TUBE.706
46;9;54,062;6,333;18,688;6,333;TUBE.707
48;9;53,25;6,333;19,5;6,333;TUBE.708
50;9;52,438;6,333;20,312;6,333;TUBE.709
52;9;51,625;6,333;21,125;6,333;TUBE.710
54;9;50,812;6,333;21,938;6,333;TUBE.711
56;9;50;6,333;22,75;6,333;TUBE.712
58;9;49,188;6,333;23,562;6,333;TUBE.713
60;9;48,375;6,333;24,375;6,333;TUBE.714
62;9;47,562;6,333;25,188;6,333;TUBE.715
64;9;46,75;6,333;26;6,333;TUBE.716
66;9;45,938;6,333;26,812;6,333;TUBE.717
68;9;45,125;6,333;27,625;6,333;TUBE.718
70;9;44,312;6,333;28,438;6,333;TUBE.719
72;9;43,5;6,333;29,25;6,333;TUBE.720
74;9;42,688;6,333;30,062;6,333;TUBE.721
76;9;41,875;6,333;30,875;6,333;TUBE.722
78;9;41,062;6,333;31,688;6,333;TUBE.723
80;9;40,25;6,333;32,5;6,333;TUBE.724
82;9;39,438;6,333;33,312;6,333;TUBE.725
84;9;38,625;6,333;34,125;6,333;TUBE.726
86;9;37,812;6,333;34,938;6,333;TUBE.727
90;9;34,938;6,333;37,812;6,333;TUBE.728
92;9;34,125;6,333;38,625;6,333;TUBE.729
94;9;33,312;6,333;39,438;6,333;TUBE.730
96;9;32,5;6,333;40,25;6,333;TUBE.731
98;9;31,688;6,333;41,062;6,333;TUBE.732
100;9;30,875;6,333;41,875;6,333;TUBE.733
102;9;30,062;6,333;42,688;6,333;TUBE.734
104;9;29,25;6,333;43,5;6,333;TUBE.735
106;9;28,438;6,333;44,312;6,333;TUBE.736
108;9;27,625;6,333;45,125;6,333;TUBE.737
110;9;26,812;6,333;45,938;6,333;TUBE.738
112;9;26;6,333;46,75;6,333;TUBE.739
114;9;25,188;6,333;47,562;6,333;TUBE.740
116;9;24,375;6,333;48,375;6,333;TUBE.741
118;9;23,562;6,333;49,188;6,333;TUBE.742
120;9;22,75;6,333;50;6,333;TUBE.743
122;9;21,938;6,333;50,812;6,333;TUBE.744
124;9;21,125;6,333;51,625;6,333;TUBE.745
126;9;20,312;6,333;52,438;6,333;TUBE.746
128;9;19,5;6,333;53,25;6,333;TUBE.747
130;9;18,688;6,333;54,062;6,333;TUBE.748
132;9;17,875;6,333;54,875;6,333;TUBE.749
134;9;17,062;6,333;55,688;6,333;TUBE.750
136;9;16,25;6,333;56,5;6,333;TUBE.751
138;9;15,438;6,333;57,312;6,333;TUBE.752
140;9;14,625;6,333;58,125;6,333;TUBE.753
142;9;13,812;6,333;58,938;6,333;TUBE.754
144;9;13;6,333;59,75;6,333;TUBE.755
146;9;12,188;6,333;60,562;6,333;TUBE.756
148;9;11,375;6,333;61,375;6,333;TUBE.757
150;9;10,562;6,333;62,188;6,333;TUBE.758
152;9;9,75;6,333;63;6,333;TUBE.759
154;9;8,938;6,333;63,812;6,333;TUBE.760
156;9;8,125;6,333;64,625;6,333;TUBE.761
158;9;7,312;6,333;65,438;6,333;TUBE.762
160;9;6,5;6,333;66,25;6,333;TUBE.763
162;9;5,688;6,333;67,062;6,333;TUBE.764
164;9;4,875;6,333;67,875;6,333;TUBE.765
166;9;4,062;6,333;68,688;6,333;TUBE.766
168;9;3,25;6,333;69,5;6,333;TUBE.767
170;9;2,438;6,333;70,312;6,333;TUBE.768
7;10;69,906;7,036;2,844;7,036;TUBE.769
9;10;69,094;7,036;3,656;7,036;TUBE.770
11;10;68,281;7,036;4,469;7,036;TUBE.771
13;10;67,469;7,036;5,281;7,036;TUBE.772
15;10;66,656;7,036;6,094;7,036;TUBE.773
17;10;65,844;7,036;6,906;7,036;TUBE.774
19;10;65,031;7,036;7,719;7,036;TUBE.775
21;10;64,219;7,036;8,531;7,036;TUBE.776
23;10;63,406;7,036;9,344;7,036;TUBE.777
25;10;62,594;7,036;10,156;7,036;TUBE.778
27;10;61,781;7,036;10,969;7,036;TUBE.779
29;10;60,969;7,036;11,781;7,036;TUBE.780
31;10;60,156;7,036;12,594;7,036;TUBE.781
33;10;59,344;7,036;13,406;7,036;TUBE.782
35;10;58,531;7,036;14,219;7,036;TUBE.783
37;10;57,719;7,036;15,031;7,036;TUBE.784
39;10;56,906;7,036;15,844;7,036;TUBE.785
41;10;56,094;7,036;16,656;7,036;TUBE.786
43;10;55,281;7,036;17,469;7,036;TUBE.787
45;10;54,469;7,036;18,281;7,036;TUBE.788
47;10;53,656;7,036;19,094;7,036;TUBE.789
49;10;52,844;7,036;19,906;7,036;TUBE.790
51;10;52,031;7,036;20,719;7,036;TUBE.791
53;10;51,219;7,036;21,531;7,036;TUBE.792
55;10;50,406;7,036;22,344;7,036;TUBE.793
57;10;49,594;7,036;23,156;7,036;TUBE.794
59;10;48,781;7,036;23,969;7,036;TUBE.795
61;10;47,969;7,036;24,781;7,036;TUBE.796
63;10;47,156;7,036;25,594;7,036;TUBE.797
65;10;46,344;7,036;26,406;7,036;TUBE.798
67;10;45,531;7,036;27,219;7,036;TUBE.799
69;10;44,719;7,036;28,031;7,036;TUBE.800
71;10;43,906;7,036;28,844;7,036;TUBE.801
73;10;43,094;7,036;29,656;7,036;TUBE.802
75;10;42,281;7,036;30,469;7,036;TUBE.803
77;10;41,469;7,036;31,281;7,036;TUBE.804
79;10;40,656;7,036;32,094;7,036;TUBE.805
81;10;39,844;7,036;32,906;7,036;TUBE.806
83;10;39,031;7,036;33,719;7,036;TUBE.807
85;10;38,219;7,036;34,531;7,036;TUBE.808
87;10;37,406;7,036;35,344;7,036;TUBE.809
89;10;35,344;7,036;37,406;7,036;TUBE.810
91;10;34,531;7,036;38,219;7,036;TUBE.811
93;10;33,719;7,036;39,031;7,036;TUBE.812
95;10;32,906;7,036;39,844;7,036;TUBE.813
97;10;32,094;7,036;40,656;7,036;TUBE.814
99;10;31,281;7,036;41,469;7,036;TUBE.815
101;10;30,469;7,036;42,281;7,036;TUBE.816
103;10;29,656;7,036;43,094;7,036;TUBE.817
105;10;28,844;7,036;43,906;7,036;TUBE.818
107;10;28,031;7,036;44,719;7,036;TUBE.819
109;10;27,219;7,036;45,531;7,036;TUBE.820
111;10;26,406;7,036;46,344;7,036;TUBE.821
113;10;25,594;7,036;47,156;7,036;TUBE.822
115;10;24,781;7,036;47,969;7,036;TUBE.823
117;10;23,969;7,036;48,781;7,036;TUBE.824
119;10;23,156;7,036;49,594;7,036;TUBE.825
121;10;22,344;7,036;50,406;7,036;TUBE.826
123;10;21,531;7,036;51,219;7,036;TUBE.827
125;10;20,719;7,036;52,031;7,036;TUBE.828
127;10;19,906;7,036;52,844;7,036;TUBE.829
129;10;19,094;7,036;53,656;7,036;TUBE.830
131;10;18,281;7,036;54,469;7,036;TUBE.831
133;10;17,469;7,036;55,281;7,036;TUBE.832
135;10;16,656;7,036;56,094;7,036;TUBE.833
137;10;15,844;7,036;56,906;7,036;TUBE.834
139;10;15,031;7,036;57,719;7,036;TUBE.835
141;10;14,219;7,036;58,531;7,036;TUBE.836
143;10;13,406;7,036;59,344;7,036;TUBE.837
145;10;12,594;7,036;60,156;7,036;TUBE.838
147;10;11,781;7,036;60,969;7,036;TUBE.839
149;10;10,969;7,036;61,781;7,036;TUBE.840
151;10;10,156;7,036;62,594;7,036;TUBE.841
153;10;9,344;7,036;63,406;7,036;TUBE.842
155;10;8,531;7,036;64,219;7,036;TUBE.843
157;10;7,719;7,036;65,031;7,036;TUBE.844
159;10;6,906;7,036;65,844;7,036;TUBE.845
161;10;6,094;7,036;66,656;7,036;TUBE.846
163;10;5,281;7,036;67,469;7,036;TUBE.847
165;10;4,469;7,036;68,281;7,036;TUBE.848
167;10;3,656;7,036;69,094;7,036;TUBE.849
169;10;2,844;7,036;69,906;7,036;TUBE.850
8;11;69,5;7,74;3,25;7,74;TUBE.851
10;11;68,688;7,74;4,062;7,74;TUBE.852
12;11;67,875;7,74;4,875;7,74;TUBE.853
14;11;67,062;7,74;5,688;7,74;TUBE.854
16;11;66,25;7,74;6,5;7,74;TUBE.855
18;11;65,438;7,74;7,312;7,74;TUBE.856
20;11;64,625;7,74;8,125;7,74;TUBE.857
22;11;63,812;7,74;8,938;7,74;TUBE.858
24;11;63;7,74;9,75;7,74;TUBE.859
26;11;62,188;7,74;10,562;7,74;TUBE.860
28;11;61,375;7,74;11,375;7,74;TUBE.861
30;11;60,562;7,74;12,188;7,74;TUBE.862
32;11;59,75;7,74;13;7,74;TUBE.863
34;11;58,938;7,74;13,812;7,74;TUBE.864
36;11;58,125;7,74;14,625;7,74;TUBE.865
38;11;57,312;7,74;15,438;7,74;TUBE.866
40;11;56,5;7,74;16,25;7,74;TUBE.867
42;11;55,688;7,74;17,062;7,74;TUBE.868
44;11;54,875;7,74;17,875;7,74;TUBE.869
46;11;54,062;7,74;18,688;7,74;TUBE.870
48;11;53,25;7,74;19,5;7,74;TUBE.871
50;11;52,438;7,74;20,312;7,74;TUBE.872
52;11;51,625;7,74;21,125;7,74;TUBE.873
54;11;50,812;7,74;21,938;7,74;TUBE.874
56;11;50;7,74;22,75;7,74;TUBE.875
58;11;49,188;7,74;23,562;7,74;TUBE.876
60;11;48,375;7,74;24,375;7,74;TUBE.877
62;11;47,562;7,74;25,188;7,74;TUBE.878
64;11;46,75;7,74;26;7,74;TUBE.879
66;11;45,938;7,74;26,812;7,74;TUBE.880
68;11;45,125;7,74;27,625;7,74;TUBE.881
70;11;44,312;7,74;28,438;7,74;TUBE.882
72;11;43,5;7,74;29,25;7,74;TUBE.883
74;11;42,688;7,74;30,062;7,74;TUBE.884
76;11;41,875;7,74;30,875;7,74;TUBE.885
78;11;41,062;7,74;31,688;7,74;TUBE.886
80;11;40,25;7,74;32,5;7,74;TUBE.887
82;11;39,438;7,74;33,312;7,74;TUBE.888
84;11;38,625;7,74;34,125;7,74;TUBE.889
86;11;37,812;7,74;34,938;7,74;TUBE.890
90;11;34,938;7,74;37,812;7,74;TUBE.891
92;11;34,125;7,74;38,625;7,74;TUBE.892
94;11;33,312;7,74;39,438;7,74;TUBE.893
96;11;32,5;7,74;40,25;7,74;TUBE.894
98;11;31,688;7,74;41,062;7,74;TUBE.895
100;11;30,875;7,74;41,875;7,74;TUBE.896
102;11;30,062;7,74;42,688;7,74;TUBE.897
104;11;29,25;7,74;43,5;7,74;TUBE.898
106;11;28,438;7,74;44,312;7,74;TUBE.899
108;11;27,625;7,74;45,125;7,74;TUBE.900
110;11;26,812;7,74;45,938;7,74;TUBE.901
112;11;26;7,74;46,75;7,74;TUBE.902
114;11;25,188;7,74;47,562;7,74;TUBE.903
116;11;24,375;7,74;48,375;7,74;TUBE.904
118;11;23,562;7,74;49,188;7,74;TUBE.905
120;11;22,75;7,74;50;7,74;TUBE.906
122;11;21,938;7,74;50,812;7,74;TUBE.907
124;11;21,125;7,74;51,625;7,74;TUBE.908
126;11;20,312;7,74;52,438;7,74;TUBE.909
128;11;19,5;7,74;53,25;7,74;TUBE.910
130;11;18,688;7,74;54,062;7,74;TUBE.911
132;11;17,875;7,74;54,875;7,74;TUBE.912
134;11;17,062;7,74;55,688;7,74;TUBE.913
136;11;16,25;7,74;56,5;7,74;TUBE.914
138;11;15,438;7,74;57,312;7,74;TUBE.915
140;11;14,625;7,74;58,125;7,74;TUBE.916
142;11;13,812;7,74;58,938;7,74;TUBE.917
144;11;13;7,74;59,75;7,74;TUBE.918
146;11;12,188;7,74;60,562;7,74;TUBE.919
148;11;11,375;7,74;61,375;7,74;TUBE.920
150;11;10,562;7,74;62,188;7,74;TUBE.921
152;11;9,75;7,74;63;7,74;TUBE.922
154;11;8,938;7,74;63,812;7,74;TUBE.923
156;11;8,125;7,74;64,625;7,74;TUBE.924
158;11;7,312;7,74;65,438;7,74;TUBE.925
160;11;6,5;7,74;66,25;7,74;TUBE.926
162;11;5,688;7,74;67,062;7,74;TUBE.927
164;11;4,875;7,74;67,875;7,74;TUBE.928
166;11;4,062;7,74;68,688;7,74;TUBE.929
168;11;3,25;7,74;69,5;7,74;TUBE.930
7;12;69,906;8,444;2,844;8,444;TUBE.931
9;12;69,094;8,444;3,656;8,444;TUBE.932
11;12;68,281;8,444;4,469;8,444;TUBE.933
13;12;67,469;8,444;5,281;8,444;TUBE.934
15;12;66,656;8,444;6,094;8,444;TUBE.935
17;12;65,844;8,444;6,906;8,444;TUBE.936
19;12;65,031;8,444;7,719;8,444;TUBE.937
21;12;64,219;8,444;8,531;8,444;TUBE.938
23;12;63,406;8,444;9,344;8,444;TUBE.939
25;12;62,594;8,444;10,156;8,444;TUBE.940
27;12;61,781;8,444;10,969;8,444;TUBE.941
29;12;60,969;8,444;11,781;8,444;TUBE.942
31;12;60,156;8,444;12,594;8,444;TUBE.943
33;12;59,344;8,444;13,406;8,444;TUBE.944
35;12;58,531;8,444;14,219;8,444;TUBE.945
37;12;57,719;8,444;15,031;8,444;TUBE.946
39;12;56,906;8,444;15,844;8,444;TUBE.947
41;12;56,094;8,444;16,656;8,444;TUBE.948
43;12;55,281;8,444;17,469;8,444;TUBE.949
45;12;54,469;8,444;18,281;8,444;TUBE.950
47;12;53,656;8,444;19,094;8,444;TUBE.951
49;12;52,844;8,444;19,906;8,444;TUBE.952
51;12;52,031;8,444;20,719;8,444;TUBE.953
53;12;51,219;8,444;21,531;8,444;TUBE.954
55;12;50,406;8,444;22,344;8,444;TUBE.955
57;12;49,594;8,444;23,156;8,444;TUBE.956
59;12;48,781;8,444;23,969;8,444;TUBE.957
61;12;47,969;8,444;24,781;8,444;TUBE.958
63;12;47,156;8,444;25,594;8,444;TUBE.959
65;12;46,344;8,444;26,406;8,444;TUBE.960
67;12;45,531;8,444;27,219;8,444;TUBE.961
69;12;44,719;8,444;28,031;8,444;TUBE.962
71;12;43,906;8,444;28,844;8,444;TUBE.963
73;12;43,094;8,444;29,656;8,444;TUBE.964
75;12;42,281;8,444;30,469;8,444;TUBE.965
77;12;41,469;8,444;31,281;8,444;TUBE.966
79;12;40,656;8,444;32,094;8,444;TUBE.967
81;12;39,844;8,444;32,906;8,444;TUBE.968
83;12;39,031;8,444;33,719;8,444;TUBE.969
85;12;38,219;8,444;34,531;8,444;TUBE.970
87;12;37,406;8,444;35,344;8,444;TUBE.971
89;12;35,344;8,444;37,406;8,444;TUBE.972
91;12;34,531;8,444;38,219;8,444;TUBE.973
93;12;33,719;8,444;39,031;8,444;TUBE.974
95;12;32,906;8,444;39,844;8,444;TUBE.975
97;12;32,094;8,444;40,656;8,444;TUBE.976
99;12;31,281;8,444;41,469;8,444;TUBE.977
101;12;30,469;8,444;42,281;8,444;TUBE.978
103;12;29,656;8,444;43,094;8,444;TUBE.979
105;12;28,844;8,444;43,906;8,444;TUBE.980
107;12;28,031;8,444;44,719;8,444;TUBE.981
109;12;27,219;8,444;45,531;8,444;TUBE.982
111;12;26,406;8,444;46,344;8,444;TUBE.983
113;12;25,594;8,444;47,156;8,444;TUBE.984
115;12;24,781;8,444;47,969;8,444;TUBE.985
117;12;23,969;8,444;48,781;8,444;TUBE.986
119;12;23,156;8,444;49,594;8,444;TUBE.987
121;12;22,344;8,444;50,406;8,444;TUBE.988
123;12;21,531;8,444;51,219;8,444;TUBE.989
125;12;20,719;8,444;52,031;8,444;TUBE.990
127;12;19,906;8,444;52,844;8,444;TUBE.991
129;12;19,094;8,444;53,656;8,444;TUBE.992
131;12;18,281;8,444;54,469;8,444;TUBE.993
133;12;17,469;8,444;55,281;8,444;TUBE.994
135;12;16,656;8,444;56,094;8,444;TUBE.995
137;12;15,844;8,444;56,906;8,444;TUBE.996
139;12;15,031;8,444;57,719;8,444;TUBE.997
141;12;14,219;8,444;58,531;8,444;TUBE.998
143;12;13,406;8,444;59,344;8,444;TUBE.999
145;12;12,594;8,444;60,156;8,444;TUBE.1000
147;12;11,781;8,444;60,969;8,444;TUBE.1001
149;12;10,969;8,444;61,781;8,444;TUBE.1002
151;12;10,156;8,444;62,594;8,444;TUBE.1003
153;12;9,344;8,444;63,406;8,444;TUBE.1004
155;12;8,531;8,444;64,219;8,444;TUBE.1005
157;12;7,719;8,444;65,031;8,444;TUBE.1006
159;12;6,906;8,444;65,844;8,444;TUBE.1007
161;12;6,094;8,444;66,656;8,444;TUBE.1008
163;12;5,281;8,444;67,469;8,444;TUBE.1009
165;12;4,469;8,444;68,281;8,444;TUBE.1010
167;12;3,656;8,444;69,094;8,444;TUBE.1011
169;12;2,844;8,444;69,906;8,444;TUBE.1012
8;13;69,5;9,147;3,25;9,147;TUBE.1013
10;13;68,688;9,147;4,062;9,147;TUBE.1014
12;13;67,875;9,147;4,875;9,147;TUBE.1015
14;13;67,062;9,147;5,688;9,147;TUBE.1016
16;13;66,25;9,147;6,5;9,147;TUBE.1017
18;13;65,438;9,147;7,312;9,147;TUBE.1018
20;13;64,625;9,147;8,125;9,147;TUBE.1019
22;13;63,812;9,147;8,938;9,147;TUBE.1020
24;13;63;9,147;9,75;9,147;TUBE.1021
26;13;62,188;9,147;10,562;9,147;TUBE.1022
28;13;61,375;9,147;11,375;9,147;TUBE.1023
30;13;60,562;9,147;12,188;9,147;TUBE.1024
32;13;59,75;9,147;13;9,147;TUBE.1025
34;13;58,938;9,147;13,812;9,147;TUBE.1026
36;13;58,125;9,147;14,625;9,147;TUBE.1027
38;13;57,312;9,147;15,438;9,147;TUBE.1028
40;13;56,5;9,147;16,25;9,147;TUBE.1029
42;13;55,688;9,147;17,062;9,147;TUBE.1030
44;13;54,875;9,147;17,875;9,147;TUBE.1031
46;13;54,062;9,147;18,688;9,147;TUBE.1032
48;13;53,25;9,147;19,5;9,147;TUBE.1033
50;13;52,438;9,147;20,312;9,147;TUBE.1034
52;13;51,625;9,147;21,125;9,147;TUBE.1035
54;13;50,812;9,147;21,938;9,147;TUBE.1036
56;13;50;9,147;22,75;9,147;TUBE.1037
58;13;49,188;9,147;23,562;9,147;TUBE.1038
60;13;48,375;9,147;24,375;9,147;TUBE.1039
62;13;47,562;9,147;25,188;9,147;TUBE.1040
64;13;46,75;9,147;26;9,147;TUBE.1041
66;13;45,938;9,147;26,812;9,147;TUBE.1042
68;13;45,125;9,147;27,625;9,147;TUBE.1043
70;13;44,312;9,147;28,438;9,147;TUBE.1044
72;13;43,5;9,147;29,25;9,147;TUBE.1045
74;13;42,688;9,147;30,062;9,147;TUBE.1046
76;13;41,875;9,147;30,875;9,147;TUBE.1047
78;13;41,062;9,147;31,688;9,147;TUBE.1048
80;13;40,25;9,147;32,5;9,147;TUBE.1049
82;13;39,438;9,147;33,312;9,147;TUBE.1050
84;13;38,625;9,147;34,125;9,147;TUBE.1051
86;13;37,812;9,147;34,938;9,147;TUBE.1052
90;13;34,938;9,147;37,812;9,147;TUBE.1053
92;13;34,125;9,147;38,625;9,147;TUBE.1054
94;13;33,312;9,147;39,438;9,147;TUBE.1055
96;13;32,5;9,147;40,25;9,147;TUBE.1056
98;13;31,688;9,147;41,062;9,147;TUBE.1057
100;13;30,875;9,147;41,875;9,147;TUBE.1058
102;13;30,062;9,147;42,688;9,147;TUBE.1059
104;13;29,25;9,147;43,5;9,147;TUBE.1060
106;13;28,438;9,147;44,312;9,147;TUBE.1061
108;13;27,625;9,147;45,125;9,147;TUBE.1062
110;13;26,812;9,147;45,938;9,147;TUBE.1063
112;13;26;9,147;46,75;9,147;TUBE.1064
114;13;25,188;9,147;47,562;9,147;TUBE.1065
116;13;24,375;9,147;48,375;9,147;TUBE.1066
118;13;23,562;9,147;49,188;9,147;TUBE.1067
120;13;22,75;9,147;50;9,147;TUBE.1068
122;13;21,938;9,147;50,812;9,147;TUBE.1069
124;13;21,125;9,147;51,625;9,147;TUBE.1070
126;13;20,312;9,147;52,438;9,147;TUBE.1071
128;13;19,5;9,147;53,25;9,147;TUBE.1072
130;13;18,688;9,147;54,062;9,147;TUBE.1073
132;13;17,875;9,147;54,875;9,147;TUBE.1074
134;13;17,062;9,147;55,688;9,147;TUBE.1075
136;13;16,25;9,147;56,5;9,147;TUBE.1076
138;13;15,438;9,147;57,312;9,147;TUBE.1077
140;13;14,625;9,147;58,125;9,147;TUBE.1078
142;13;13,812;9,147;58,938;9,147;TUBE.1079
144;13;13;9,147;59,75;9,147;TUBE.1080
146;13;12,188;9,147;60,562;9,147;TUBE.1081
148;13;11,375;9,147;61,375;9,147;TUBE.1082
150;13;10,562;9,147;62,188;9,147;TUBE.1083
152;13;9,75;9,147;63;9,147;TUBE.1084
154;13;8,938;9,147;63,812;9,147;TUBE.1085
156;13;8,125;9,147;64,625;9,147;TUBE.1086
158;13;7,312;9,147;65,438;9,147;TUBE.1087
160;13;6,5;9,147;66,25;9,147;TUBE.1088
162;13;5,688;9,147;67,062;9,147;TUBE.1089
164;13;4,875;9,147;67,875;9,147;TUBE.1090
166;13;4,062;9,147;68,688;9,147;TUBE.1091
168;13;3,25;9,147;69,5;9,147;TUBE.1092
9;14;69,094;9,851;3,656;9,851;TUBE.1093
11;14;68,281;9,851;4,469;9,851;TUBE.1094
13;14;67,469;9,851;5,281;9,851;TUBE.1095
15;14;66,656;9,851;6,094;9,851;TUBE.1096
17;14;65,844;9,851;6,906;9,851;TUBE.1097
19;14;65,031;9,851;7,719;9,851;TUBE.1098
21;14;64,219;9,851;8,531;9,851;TUBE.1099
23;14;63,406;9,851;9,344;9,851;TUBE.1100
25;14;62,594;9,851;10,156;9,851;TUBE.1101
27;14;61,781;9,851;10,969;9,851;TUBE.1102
29;14;60,969;9,851;11,781;9,851;TUBE.1103
31;14;60,156;9,851;12,594;9,851;TUBE.1104
33;14;59,344;9,851;13,406;9,851;TUBE.1105
35;14;58,531;9,851;14,219;9,851;TUBE.1106
37;14;57,719;9,851;15,031;9,851;TUBE.1107
39;14;56,906;9,851;15,844;9,851;TUBE.1108
41;14;56,094;9,851;16,656;9,851;TUBE.1109
43;14;55,281;9,851;17,469;9,851;TUBE.1110
45;14;54,469;9,851;18,281;9,851;TUBE.1111
47;14;53,656;9,851;19,094;9,851;TUBE.1112
49;14;52,844;9,851;19,906;9,851;TUBE.1113
51;14;52,031;9,851;20,719;9,851;TUBE.1114
53;14;51,219;9,851;21,531;9,851;TUBE.1115
55;14;50,406;9,851;22,344;9,851;TUBE.1116
57;14;49,594;9,851;23,156;9,851;TUBE.1117
59;14;48,781;9,851;23,969;9,851;TUBE.1118
61;14;47,969;9,851;24,781;9,851;TUBE.1119
63;14;47,156;9,851;25,594;9,851;TUBE.1120
65;14;46,344;9,851;26,406;9,851;TUBE.1121
67;14;45,531;9,851;27,219;9,851;TUBE.1122
69;14;44,719;9,851;28,031;9,851;TUBE.1123
71;14;43,906;9,851;28,844;9,851;TUBE.1124
73;14;43,094;9,851;29,656;9,851;TUBE.1125
75;14;42,281;9,851;30,469;9,851;TUBE.1126
77;14;41,469;9,851;31,281;9,851;TUBE.1127
79;14;40,656;9,851;32,094;9,851;TUBE.1128
81;14;39,844;9,851;32,906;9,851;TUBE.1129
83;14;39,031;9,851;33,719;9,851;TUBE.1130
85;14;38,219;9,851;34,531;9,851;TUBE.1131
87;14;37,406;9,851;35,344;9,851;TUBE.1132
89;14;35,344;9,851;37,406;9,851;TUBE.1133
91;14;34,531;9,851;38,219;9,851;TUBE.1134
93;14;33,719;9,851;39,031;9,851;TUBE.1135
95;14;32,906;9,851;39,844;9,851;TUBE.1136
97;14;32,094;9,851;40,656;9,851;TUBE.1137
99;14;31,281;9,851;41,469;9,851;TUBE.1138
101;14;30,469;9,851;42,281;9,851;TUBE.1139
103;14;29,656;9,851;43,094;9,851;TUBE.1140
105;14;28,844;9,851;43,906;9,851;TUBE.1141
107;14;28,031;9,851;44,719;9,851;TUBE.1142
109;14;27,219;9,851;45,531;9,851;TUBE.1143
111;14;26,406;9,851;46,344;9,851;TUBE.1144
113;14;25,594;9,851;47,156;9,851;TUBE.1145
115;14;24,781;9,851;47,969;9,851;TUBE.1146
117;14;23,969;9,851;48,781;9,851;TUBE.1147
119;14;23,156;9,851;49,594;9,851;TUBE.1148
121;14;22,344;9,851;50,406;9,851;TUBE.1149
123;14;21,531;9,851;51,219;9,851;TUBE.1150
125;14;20,719;9,851;52,031;9,851;TUBE.1151
127;14;19,906;9,851;52,844;9,851;TUBE.1152
129;14;19,094;9,851;53,656;9,851;TUBE.1153
131;14;18,281;9,851;54,469;9,851;TUBE.1154
133;14;17,469;9,851;55,281;9,851;TUBE.1155
135;14;16,656;9,851;56,094;9,851;TUBE.1156
137;14;15,844;9,851;56,906;9,851;TUBE.1157
139;14;15,031;9,851;57,719;9,851;TUBE.1158
141;14;14,219;9,851;58,531;9,851;TUBE.1159
143;14;13,406;9,851;59,344;9,851;TUBE.1160
145;14;12,594;9,851;60,156;9,851;TUBE.1161
147;14;11,781;9,851;60,969;9,851;TUBE.1162
149;14;10,969;9,851;61,781;9,851;TUBE.1163
151;14;10,156;9,851;62,594;9,851;TUBE.1164
153;14;9,344;9,851;63,406;9,851;TUBE.1165
155;14;8,531;9,851;64,219;9,851;TUBE.1166
157;14;7,719;9,851;65,031;9,851;TUBE.1167
159;14;6,906;9,851;65,844;9,851;TUBE.1168
161;14;6,094;9,851;66,656;9,851;TUBE.1169
163;14;5,281;9,851;67,469;9,851;TUBE.1170
165;14;4,469;9,851;68,281;9,851;TUBE.1171
167;14;3,656;9,851;69,094;9,851;TUBE.1172
10;15;68,688;10,555;4,062;10,555;TUBE.1173
12;15;67,875;10,555;4,875;10,555;TUBE.1174
14;15;67,062;10,555;5,688;10,555;TUBE.1175
16;15;66,25;10,555;6,5;10,555;TUBE.1176
18;15;65,438;10,555;7,312;10,555;TUBE.1177
20;15;64,625;10,555;8,125;10,555;TUBE.1178
22;15;63,812;10,555;8,938;10,555;TUBE.1179
24;15;63;10,555;9,75;10,555;TUBE.1180
26;15;62,188;10,555;10,562;10,555;TUBE.1181
28;15;61,375;10,555;11,375;10,555;TUBE.1182
30;15;60,562;10,555;12,188;10,555;TUBE.1183
32;15;59,75;10,555;13;10,555;TUBE.1184
34;15;58,938;10,555;13,812;10,555;TUBE.1185
36;15;58,125;10,555;14,625;10,555;TUBE.1186
38;15;57,312;10,555;15,438;10,555;TUBE.1187
40;15;56,5;10,555;16,25;10,555;TUBE.1188
42;15;55,688;10,555;17,062;10,555;TUBE.1189
44;15;54,875;10,555;17,875;10,555;TUBE.1190
46;15;54,062;10,555;18,688;10,555;TUBE.1191
48;15;53,25;10,555;19,5;10,555;TUBE.1192
50;15;52,438;10,555;20,312;10,555;TUBE.1193
52;15;51,625;10,555;21,125;10,555;TUBE.1194
54;15;50,812;10,555;21,938;10,555;TUBE.1195
56;15;50;10,555;22,75;10,555;TUBE.1196
58;15;49,188;10,555;23,562;10,555;TUBE.1197
60;15;48,375;10,555;24,375;10,555;TUBE.1198
62;15;47,562;10,555;25,188;10,555;TUBE.1199
64;15;46,75;10,555;26;10,555;TUBE.1200
66;15;45,938;10,555;26,812;10,555;TUBE.1201
68;15;45,125;10,555;27,625;10,555;TUBE.1202
70;15;44,312;10,555;28,438;10,555;TUBE.1203
72;15;43,5;10,555;29,25;10,555;TUBE.1204
74;15;42,688;10,555;30,062;10,555;TUBE.1205
76;15;41,875;10,555;30,875;10,555;TUBE.1206
78;15;41,062;10,555;31,688;10,555;TUBE.1207
80;15;40,25;10,555;32,5;10,555;TUBE.1208
82;15;39,438;10,555;33,312;10,555;TUBE.1209
84;15;38,625;10,555;34,125;10,555;TUBE.1210
86;15;37,812;10,555;34,938;10,555;TUBE.1211
90;15;34,938;10,555;37,812;10,555;TUBE.1212
92;15;34,125;10,555;38,625;10,555;TUBE.1213
94;15;33,312;10,555;39,438;10,555;TUBE.1214
96;15;32,5;10,555;40,25;10,555;TUBE.1215
98;15;31,688;10,555;41,062;10,555;TUBE.1216
100;15;30,875;10,555;41,875;10,555;TUBE.1217
102;15;30,062;10,555;42,688;10,555;TUBE.1218
104;15;29,25;10,555;43,5;10,555;TUBE.1219
106;15;28,438;10,555;44,312;10,555;TUBE.1220
108;15;27,625;10,555;45,125;10,555;TUBE.1221
110;15;26,812;10,555;45,938;10,555;TUBE.1222
112;15;26;10,555;46,75;10,555;TUBE.1223
114;15;25,188;10,555;47,562;10,555;TUBE.1224
116;15;24,375;10,555;48,375;10,555;TUBE.1225
118;15;23,562;10,555;49,188;10,555;TUBE.1226
120;15;22,75;10,555;50;10,555;TUBE.1227
122;15;21,938;10,555;50,812;10,555;TUBE.1228
124;15;21,125;10,555;51,625;10,555;TUBE.1229
126;15;20,312;10,555;52,438;10,555;TUBE.1230
128;15;19,5;10,555;53,25;10,555;TUBE.1231
130;15;18,688;10,555;54,062;10,555;TUBE.1232
132;15;17,875;10,555;54,875;10,555;TUBE.1233
134;15;17,062;10,555;55,688;10,555;TUBE.1234
136;15;16,25;10,555;56,5;10,555;TUBE.1235
138;15;15,438;10,555;57,312;10,555;TUBE.1236
140;15;14,625;10,555;58,125;10,555;TUBE.1237
142;15;13,812;10,555;58,938;10,555;TUBE.1238
144;15;13;10,555;59,75;10,555;TUBE.1239
146;15;12,188;10,555;60,562;10,555;TUBE.1240
148;15;11,375;10,555;61,375;10,555;TUBE.1241
150;15;10,562;10,555;62,188;10,555;TUBE.1242
152;15;9,75;10,555;63;10,555;TUBE.1243
154;15;8,938;10,555;63,812;10,555;TUBE.1244
156;15;8,125;10,555;64,625;10,555;TUBE.1245
158;15;7,312;10,555;65,438;10,555;TUBE.1246
160;15;6,5;10,555;66,25;10,555;TUBE.1247
162;15;5,688;10,555;67,062;10,555;TUBE.1248
164;15;4,875;10,555;67,875;10,555;TUBE.1249
166;15;4,062;10,555;68,688;10,555;TUBE.1250
11;16;68,281;11,258;4,469;11,258;TUBE.1251
13;16;67,469;11,258;5,281;11,258;TUBE.1252
15;16;66,656;11,258;6,094;11,258;TUBE.1253
17;16;65,844;11,258;6,906;11,258;TUBE.1254
19;16;65,031;11,258;7,719;11,258;TUBE.1255
21;16;64,219;11,258;8,531;11,258;TUBE.1256
23;16;63,406;11,258;9,344;11,258;TUBE.1257
25;16;62,594;11,258;10,156;11,258;TUBE.1258
27;16;61,781;11,258;10,969;11,258;TUBE.1259
29;16;60,969;11,258;11,781;11,258;TUBE.1260
31;16;60,156;11,258;12,594;11,258;TUBE.1261
33;16;59,344;11,258;13,406;11,258;TUBE.1262
35;16;58,531;11,258;14,219;11,258;TUBE.1263
37;16;57,719;11,258;15,031;11,258;TUBE.1264
39;16;56,906;11,258;15,844;11,258;TUBE.1265
41;16;56,094;11,258;16,656;11,258;TUBE.1266
43;16;55,281;11,258;17,469;11,258;TUBE.1267
45;16;54,469;11,258;18,281;11,258;TUBE.1268
47;16;53,656;11,258;19,094;11,258;TUBE.1269
49;16;52,844;11,258;19,906;11,258;TUBE.1270
51;16;52,031;11,258;20,719;11,258;TUBE.1271
53;16;51,219;11,258;21,531;11,258;TUBE.1272
55;16;50,406;11,258;22,344;11,258;TUBE.1273
57;16;49,594;11,258;23,156;11,258;TUBE.1274
59;16;48,781;11,258;23,969;11,258;TUBE.1275
61;16;47,969;11,258;24,781;11,258;TUBE.1276
63;16;47,156;11,258;25,594;11,258;TUBE.1277
65;16;46,344;11,258;26,406;11,258;TUBE.1278
67;16;45,531;11,258;27,219;11,258;TUBE.1279
69;16;44,719;11,258;28,031;11,258;TUBE.1280
71;16;43,906;11,258;28,844;11,258;TUBE.1281
73;16;43,094;11,258;29,656;11,258;TUBE.1282
75;16;42,281;11,258;30,469;11,258;TUBE.1283
77;16;41,469;11,258;31,281;11,258;TUBE.1284
79;16;40,656;11,258;32,094;11,258;TUBE.1285
81;16;39,844;11,258;32,906;11,258;TUBE.1286
83;16;39,031;11,258;33,719;11,258;TUBE.1287
85;16;38,219;11,258;34,531;11,258;TUBE.1288
87;16;37,406;11,258;35,344;11,258;TUBE.1289
89;16;35,344;11,258;37,406;11,258;TUBE.1290
91;16;34,531;11,258;38,219;11,258;TUBE.1291
93;16;33,719;11,258;39,031;11,258;TUBE.1292
95;16;32,906;11,258;39,844;11,258;TUBE.1293
97;16;32,094;11,258;40,656;11,258;TUBE.1294
99;16;31,281;11,258;41,469;11,258;TUBE.1295
101;16;30,469;11,258;42,281;11,258;TUBE.1296
103;16;29,656;11,258;43,094;11,258;TUBE.1297
105;16;28,844;11,258;43,906;11,258;TUBE.1298
107;16;28,031;11,258;44,719;11,258;TUBE.1299
109;16;27,219;11,258;45,531;11,258;TUBE.1300
111;16;26,406;11,258;46,344;11,258;TUBE.1301
113;16;25,594;11,258;47,156;11,258;TUBE.1302
115;16;24,781;11,258;47,969;11,258;TUBE.1303
117;16;23,969;11,258;48,781;11,258;TUBE.1304
119;16;23,156;11,258;49,594;11,258;TUBE.1305
121;16;22,344;11,258;50,406;11,258;TUBE.1306
123;16;21,531;11,258;51,219;11,258;TUBE.1307
125;16;20,719;11,258;52,031;11,258;TUBE.1308
127;16;19,906;11,258;52,844;11,258;TUBE.1309
129;16;19,094;11,258;53,656;11,258;TUBE.1310
131;16;18,281;11,258;54,469;11,258;TUBE.1311
133;16;17,469;11,258;55,281;11,258;TUBE.1312
135;16;16,656;11,258;56,094;11,258;TUBE.1313
137;16;15,844;11,258;56,906;11,258;TUBE.1314
139;16;15,031;11,258;57,719;11,258;TUBE.1315
141;16;14,219;11,258;58,531;11,258;TUBE.1316
143;16;13,406;11,258;59,344;11,258;TUBE.1317
145;16;12,594;11,258;60,156;11,258;TUBE.1318
147;16;11,781;11,258;60,969;11,258;TUBE.1319
149;16;10,969;11,258;61,781;11,258;TUBE.1320
151;16;10,156;11,258;62,594;11,258;TUBE.1321
153;16;9,344;11,258;63,406;11,258;TUBE.1322
155;16;8,531;11,258;64,219;11,258;TUBE.1323
157;16;7,719;11,258;65,031;11,258;TUBE.1324
159;16;6,906;11,258;65,844;11,258;TUBE.1325
161;16;6,094;11,258;66,656;11,258;TUBE.1326
163;16;5,281;11,258;67,469;11,258;TUBE.1327
165;16;4,469;11,258;68,281;11,258;TUBE.1328
12;17;67,875;11,962;4,875;11,962;TUBE.1329
14;17;67,062;11,962;5,688;11,962;TUBE.1330
16;17;66,25;11,962;6,5;11,962;TUBE.1331
18;17;65,438;11,962;7,312;11,962;TUBE.1332
20;17;64,625;11,962;8,125;11,962;TUBE.1333
22;17;63,812;11,962;8,938;11,962;TUBE.1334
24;17;63;11,962;9,75;11,962;TUBE.1335
26;17;62,188;11,962;10,562;11,962;TUBE.1336
28;17;61,375;11,962;11,375;11,962;TUBE.1337
30;17;60,562;11,962;12,188;11,962;TUBE.1338
32;17;59,75;11,962;13;11,962;TUBE.1339
34;17;58,938;11,962;13,812;11,962;TUBE.1340
36;17;58,125;11,962;14,625;11,962;TUBE.1341
38;17;57,312;11,962;15,438;11,962;TUBE.1342
40;17;56,5;11,962;16,25;11,962;TUBE.1343
42;17;55,688;11,962;17,062;11,962;TUBE.1344
44;17;54,875;11,962;17,875;11,962;TUBE.1345
46;17;54,062;11,962;18,688;11,962;TUBE.1346
48;17;53,25;11,962;19,5;11,962;TUBE.1347
50;17;52,438;11,962;20,312;11,962;TUBE.1348
52;17;51,625;11,962;21,125;11,962;TUBE.1349
54;17;50,812;11,962;21,938;11,962;TUBE.1350
56;17;50;11,962;22,75;11,962;TUBE.1351
58;17;49,188;11,962;23,562;11,962;TUBE.1352
60;17;48,375;11,962;24,375;11,962;TUBE.1353
62;17;47,562;11,962;25,188;11,962;TUBE.1354
64;17;46,75;11,962;26;11,962;TUBE.1355
66;17;45,938;11,962;26,812;11,962;TUBE.1356
68;17;45,125;11,962;27,625;11,962;TUBE.1357
70;17;44,312;11,962;28,438;11,962;TUBE.1358
72;17;43,5;11,962;29,25;11,962;TUBE.1359
74;17;42,688;11,962;30,062;11,962;TUBE.1360
76;17;41,875;11,962;30,875;11,962;TUBE.1361
78;17;41,062;11,962;31,688;11,962;TUBE.1362
80;17;40,25;11,962;32,5;11,962;TUBE.1363
82;17;39,438;11,962;33,312;11,962;TUBE.1364
84;17;38,625;11,962;34,125;11,962;TUBE.1365
86;17;37,812;11,962;34,938;11,962;TUBE.1366
90;17;34,938;11,962;37,812;11,962;TUBE.1367
92;17;34,125;11,962;38,625;11,962;TUBE.1368
94;17;33,312;11,962;39,438;11,962;TUBE.1369
96;17;32,5;11,962;40,25;11,962;TUBE.1370
98;17;31,688;11,962;41,062;11,962;TUBE.1371
100;17;30,875;11,962;41,875;11,962;TUBE.1372
102;17;30,062;11,962;42,688;11,962;TUBE.1373
104;17;29,25;11,962;43,5;11,962;TUBE.1374
106;17;28,438;11,962;44,312;11,962;TUBE.1375
108;17;27,625;11,962;45,125;11,962;TUBE.1376
110;17;26,812;11,962;45,938;11,962;TUBE.1377
112;17;26;11,962;46,75;11,962;TUBE.1378
114;17;25,188;11,962;47,562;11,962;TUBE.1379
116;17;24,375;11,962;48,375;11,962;TUBE.1380
118;17;23,562;11,962;49,188;11,962;TUBE.1381
120;17;22,75;11,962;50;11,962;TUBE.1382
122;17;21,938;11,962;50,812;11,962;TUBE.1383
124;17;21,125;11,962;51,625;11,962;TUBE.1384
126;17;20,312;11,962;52,438;11,962;TUBE.1385
128;17;19,5;11,962;53,25;11,962;TUBE.1386
130;17;18,688;11,962;54,062;11,962;TUBE.1387
132;17;17,875;11,962;54,875;11,962;TUBE.1388
134;17;17,062;11,962;55,688;11,962;TUBE.1389
136;17;16,25;11,962;56,5;11,962;TUBE.1390
138;17;15,438;11,962;57,312;11,962;TUBE.1391
140;17;14,625;11,962;58,125;11,962;TUBE.1392
142;17;13,812;11,962;58,938;11,962;TUBE.1393
144;17;13;11,962;59,75;11,962;TUBE.1394
146;17;12,188;11,962;60,562;11,962;TUBE.1395
148;17;11,375;11,962;61,375;11,962;TUBE.1396
150;17;10,562;11,962;62,188;11,962;TUBE.1397
152;17;9,75;11,962;63;11,962;TUBE.1398
154;17;8,938;11,962;63,812;11,962;TUBE.1399
156;17;8,125;11,962;64,625;11,962;TUBE.1400
158;17;7,312;11,962;65,438;11,962;TUBE.1401
160;17;6,5;11,962;66,25;11,962;TUBE.1402
162;17;5,688;11,962;67,062;11,962;TUBE.1403
164;17;4,875;11,962;67,875;11,962;TUBE.1404
13;18;67,469;12,666;5,281;12,666;TUBE.1405
15;18;66,656;12,666;6,094;12,666;TUBE.1406
17;18;65,844;12,666;6,906;12,666;TUBE.1407
19;18;65,031;12,666;7,719;12,666;TUBE.1408
21;18;64,219;12,666;8,531;12,666;TUBE.1409
23;18;63,406;12,666;9,344;12,666;TUBE.1410
25;18;62,594;12,666;10,156;12,666;TUBE.1411
27;18;61,781;12,666;10,969;12,666;TUBE.1412
29;18;60,969;12,666;11,781;12,666;TUBE.1413
31;18;60,156;12,666;12,594;12,666;TUBE.1414
33;18;59,344;12,666;13,406;12,666;TUBE.1415
35;18;58,531;12,666;14,219;12,666;TUBE.1416
37;18;57,719;12,666;15,031;12,666;TUBE.1417
39;18;56,906;12,666;15,844;12,666;TUBE.1418
41;18;56,094;12,666;16,656;12,666;TUBE.1419
43;18;55,281;12,666;17,469;12,666;TUBE.1420
45;18;54,469;12,666;18,281;12,666;TUBE.1421
47;18;53,656;12,666;19,094;12,666;TUBE.1422
49;18;52,844;12,666;19,906;12,666;TUBE.1423
51;18;52,031;12,666;20,719;12,666;TUBE.1424
53;18;51,219;12,666;21,531;12,666;TUBE.1425
55;18;50,406;12,666;22,344;12,666;TUBE.1426
57;18;49,594;12,666;23,156;12,666;TUBE.1427
59;18;48,781;12,666;23,969;12,666;TUBE.1428
61;18;47,969;12,666;24,781;12,666;TUBE.1429
63;18;47,156;12,666;25,594;12,666;TUBE.1430
65;18;46,344;12,666;26,406;12,666;TUBE.1431
67;18;45,531;12,666;27,219;12,666;TUBE.1432
69;18;44,719;12,666;28,031;12,666;TUBE.1433
71;18;43,906;12,666;28,844;12,666;TUBE.1434
73;18;43,094;12,666;29,656;12,666;TUBE.1435
75;18;42,281;12,666;30,469;12,666;TUBE.1436
77;18;41,469;12,666;31,281;12,666;TUBE.1437
79;18;40,656;12,666;32,094;12,666;TUBE.1438
81;18;39,844;12,666;32,906;12,666;TUBE.1439
83;18;39,031;12,666;33,719;12,666;TUBE.1440
85;18;38,219;12,666;34,531;12,666;TUBE.1441
87;18;37,406;12,666;35,344;12,666;TUBE.1442
89;18;35,344;12,666;37,406;12,666;TUBE.1443
91;18;34,531;12,666;38,219;12,666;TUBE.1444
93;18;33,719;12,666;39,031;12,666;TUBE.1445
95;18;32,906;12,666;39,844;12,666;TUBE.1446
97;18;32,094;12,666;40,656;12,666;TUBE.1447
99;18;31,281;12,666;41,469;12,666;TUBE.1448
101;18;30,469;12,666;42,281;12,666;TUBE.1449
103;18;29,656;12,666;43,094;12,666;TUBE.1450
105;18;28,844;12,666;43,906;12,666;TUBE.1451
107;18;28,031;12,666;44,719;12,666;TUBE.1452
109;18;27,219;12,666;45,531;12,666;TUBE.1453
111;18;26,406;12,666;46,344;12,666;TUBE.1454
113;18;25,594;12,666;47,156;12,666;TUBE.1455
115;18;24,781;12,666;47,969;12,666;TUBE.1456
117;18;23,969;12,666;48,781;12,666;TUBE.1457
119;18;23,156;12,666;49,594;12,666;TUBE.1458
121;18;22,344;12,666;50,406;12,666;TUBE.1459
123;18;21,531;12,666;51,219;12,666;TUBE.1460
125;18;20,719;12,666;52,031;12,666;TUBE.1461
127;18;19,906;12,666;52,844;12,666;TUBE.1462
129;18;19,094;12,666;53,656;12,666;TUBE.1463
131;18;18,281;12,666;54,469;12,666;TUBE.1464
133;18;17,469;12,666;55,281;12,666;TUBE.1465
135;18;16,656;12,666;56,094;12,666;TUBE.1466
137;18;15,844;12,666;56,906;12,666;TUBE.1467
139;18;15,031;12,666;57,719;12,666;TUBE.1468
141;18;14,219;12,666;58,531;12,666;TUBE.1469
143;18;13,406;12,666;59,344;12,666;TUBE.1470
145;18;12,594;12,666;60,156;12,666;TUBE.1471
147;18;11,781;12,666;60,969;12,666;TUBE.1472
149;18;10,969;12,666;61,781;12,666;TUBE.1473
151;18;10,156;12,666;62,594;12,666;TUBE.1474
153;18;9,344;12,666;63,406;12,666;TUBE.1475
155;18;8,531;12,666;64,219;12,666;TUBE.1476
157;18;7,719;12,666;65,031;12,666;TUBE.1477
159;18;6,906;12,666;65,844;12,666;TUBE.1478
161;18;6,094;12,666;66,656;12,666;TUBE.1479
163;18;5,281;12,666;67,469;12,666;TUBE.1480
14;19;67,062;13,369;5,688;13,369;TUBE.1481
16;19;66,25;13,369;6,5;13,369;TUBE.1482
18;19;65,438;13,369;7,312;13,369;TUBE.1483
20;19;64,625;13,369;8,125;13,369;TUBE.1484
22;19;63,812;13,369;8,938;13,369;TUBE.1485
24;19;63;13,369;9,75;13,369;TUBE.1486
26;19;62,188;13,369;10,562;13,369;TUBE.1487
28;19;61,375;13,369;11,375;13,369;TUBE.1488
30;19;60,562;13,369;12,188;13,369;TUBE.1489
32;19;59,75;13,369;13;13,369;TUBE.1490
34;19;58,938;13,369;13,812;13,369;TUBE.1491
36;19;58,125;13,369;14,625;13,369;TUBE.1492
38;19;57,312;13,369;15,438;13,369;TUBE.1493
40;19;56,5;13,369;16,25;13,369;TUBE.1494
42;19;55,688;13,369;17,062;13,369;TUBE.1495
44;19;54,875;13,369;17,875;13,369;TUBE.1496
46;19;54,062;13,369;18,688;13,369;TUBE.1497
48;19;53,25;13,369;19,5;13,369;TUBE.1498
50;19;52,438;13,369;20,312;13,369;TUBE.1499
52;19;51,625;13,369;21,125;13,369;TUBE.1500
54;19;50,812;13,369;21,938;13,369;TUBE.1501
56;19;50;13,369;22,75;13,369;TUBE.1502
58;19;49,188;13,369;23,562;13,369;TUBE.1503
60;19;48,375;13,369;24,375;13,369;TUBE.1504
62;19;47,562;13,369;25,188;13,369;TUBE.1505
64;19;46,75;13,369;26;13,369;TUBE.1506
66;19;45,938;13,369;26,812;13,369;TUBE.1507
68;19;45,125;13,369;27,625;13,369;TUBE.1508
70;19;44,312;13,369;28,438;13,369;TUBE.1509
72;19;43,5;13,369;29,25;13,369;TUBE.1510
74;19;42,688;13,369;30,062;13,369;TUBE.1511
76;19;41,875;13,369;30,875;13,369;TUBE.1512
78;19;41,062;13,369;31,688;13,369;TUBE.1513
80;19;40,25;13,369;32,5;13,369;TUBE.1514
82;19;39,438;13,369;33,312;13,369;TUBE.1515
84;19;38,625;13,369;34,125;13,369;TUBE.1516
86;19;37,812;13,369;34,938;13,369;TUBE.1517
90;19;34,938;13,369;37,812;13,369;TUBE.1518
92;19;34,125;13,369;38,625;13,369;TUBE.1519
94;19;33,312;13,369;39,438;13,369;TUBE.1520
96;19;32,5;13,369;40,25;13,369;TUBE.1521
98;19;31,688;13,369;41,062;13,369;TUBE.1522
100;19;30,875;13,369;41,875;13,369;TUBE.1523
102;19;30,062;13,369;42,688;13,369;TUBE.1524
104;19;29,25;13,369;43,5;13,369;TUBE.1525
106;19;28,438;13,369;44,312;13,369;TUBE.1526
108;19;27,625;13,369;45,125;13,369;TUBE.1527
110;19;26,812;13,369;45,938;13,369;TUBE.1528
112;19;26;13,369;46,75;13,369;TUBE.1529
114;19;25,188;13,369;47,562;13,369;TUBE.1530
116;19;24,375;13,369;48,375;13,369;TUBE.1531
118;19;23,562;13,369;49,188;13,369;TUBE.1532
120;19;22,75;13,369;50;13,369;TUBE.1533
122;19;21,938;13,369;50,812;13,369;TUBE.1534
124;19;21,125;13,369;51,625;13,369;TUBE.1535
126;19;20,312;13,369;52,438;13,369;TUBE.1536
128;19;19,5;13,369;53,25;13,369;TUBE.1537
130;19;18,688;13,369;54,062;13,369;TUBE.1538
132;19;17,875;13,369;54,875;13,369;TUBE.1539
134;19;17,062;13,369;55,688;13,369;TUBE.1540
136;19;16,25;13,369;56,5;13,369;TUBE.1541
138;19;15,438;13,369;57,312;13,369;TUBE.1542
140;19;14,625;13,369;58,125;13,369;TUBE.1543
142;19;13,812;13,369;58,938;13,369;TUBE.1544
144;19;13;13,369;59,75;13,369;TUBE.1545
146;19;12,188;13,369;60,562;13,369;TUBE.1546
148;19;11,375;13,369;61,375;13,369;TUBE.1547
150;19;10,562;13,369;62,188;13,369;TUBE.1548
152;19;9,75;13,369;63;13,369;TUBE.1549
154;19;8,938;13,369;63,812;13,369;TUBE.1550
156;19;8,125;13,369;64,625;13,369;TUBE.1551
158;19;7,312;13,369;65,438;13,369;TUBE.1552
160;19;6,5;13,369;66,25;13,369;TUBE.1553
162;19;5,688;13,369;67,062;13,369;TUBE.1554
15;20;66,656;14,073;6,094;14,073;TUBE.1555
17;20;65,844;14,073;6,906;14,073;TUBE.1556
19;20;65,031;14,073;7,719;14,073;TUBE.1557
21;20;64,219;14,073;8,531;14,073;TUBE.1558
23;20;63,406;14,073;9,344;14,073;TUBE.1559
25;20;62,594;14,073;10,156;14,073;TUBE.1560
27;20;61,781;14,073;10,969;14,073;TUBE.1561
29;20;60,969;14,073;11,781;14,073;TUBE.1562
31;20;60,156;14,073;12,594;14,073;TUBE.1563
33;20;59,344;14,073;13,406;14,073;TUBE.1564
35;20;58,531;14,073;14,219;14,073;TUBE.1565
37;20;57,719;14,073;15,031;14,073;TUBE.1566
39;20;56,906;14,073;15,844;14,073;TUBE.1567
41;20;56,094;14,073;16,656;14,073;TUBE.1568
43;20;55,281;14,073;17,469;14,073;TUBE.1569
45;20;54,469;14,073;18,281;14,073;TUBE.1570
47;20;53,656;14,073;19,094;14,073;TUBE.1571
49;20;52,844;14,073;19,906;14,073;TUBE.1572
51;20;52,031;14,073;20,719;14,073;TUBE.1573
53;20;51,219;14,073;21,531;14,073;TUBE.1574
55;20;50,406;14,073;22,344;14,073;TUBE.1575
57;20;49,594;14,073;23,156;14,073;TUBE.1576
59;20;48,781;14,073;23,969;14,073;TUBE.1577
61;20;47,969;14,073;24,781;14,073;TUBE.1578
63;20;47,156;14,073;25,594;14,073;TUBE.1579
65;20;46,344;14,073;26,406;14,073;TUBE.1580
67;20;45,531;14,073;27,219;14,073;TUBE.1581
69;20;44,719;14,073;28,031;14,073;TUBE.1582
71;20;43,906;14,073;28,844;14,073;TUBE.1583
73;20;43,094;14,073;29,656;14,073;TUBE.1584
75;20;42,281;14,073;30,469;14,073;TUBE.1585
77;20;41,469;14,073;31,281;14,073;TUBE.1586
79;20;40,656;14,073;32,094;14,073;TUBE.1587
81;20;39,844;14,073;32,906;14,073;TUBE.1588
83;20;39,031;14,073;33,719;14,073;TUBE.1589
85;20;38,219;14,073;34,531;14,073;TUBE.1590
87;20;37,406;14,073;35,344;14,073;TUBE.1591
89;20;35,344;14,073;37,406;14,073;TUBE.1592
91;20;34,531;14,073;38,219;14,073;TUBE.1593
93;20;33,719;14,073;39,031;14,073;TUBE.1594
95;20;32,906;14,073;39,844;14,073;TUBE.1595
97;20;32,094;14,073;40,656;14,073;TUBE.1596
99;20;31,281;14,073;41,469;14,073;TUBE.1597
101;20;30,469;14,073;42,281;14,073;TUBE.1598
103;20;29,656;14,073;43,094;14,073;TUBE.1599
105;20;28,844;14,073;43,906;14,073;TUBE.1600
107;20;28,031;14,073;44,719;14,073;TUBE.1601
109;20;27,219;14,073;45,531;14,073;TUBE.1602
111;20;26,406;14,073;46,344;14,073;TUBE.1603
113;20;25,594;14,073;47,156;14,073;TUBE.1604
115;20;24,781;14,073;47,969;14,073;TUBE.1605
117;20;23,969;14,073;48,781;14,073;TUBE.1606
119;20;23,156;14,073;49,594;14,073;TUBE.1607
121;20;22,344;14,073;50,406;14,073;TUBE.1608
123;20;21,531;14,073;51,219;14,073;TUBE.1609
125;20;20,719;14,073;52,031;14,073;TUBE.1610
127;20;19,906;14,073;52,844;14,073;TUBE.1611
129;20;19,094;14,073;53,656;14,073;TUBE.1612
131;20;18,281;14,073;54,469;14,073;TUBE.1613
133;20;17,469;14,073;55,281;14,073;TUBE.1614
135;20;16,656;14,073;56,094;14,073;TUBE.1615
137;20;15,844;14,073;56,906;14,073;TUBE.1616
139;20;15,031;14,073;57,719;14,073;TUBE.1617
141;20;14,219;14,073;58,531;14,073;TUBE.1618
143;20;13,406;14,073;59,344;14,073;TUBE.1619
145;20;12,594;14,073;60,156;14,073;TUBE.1620
147;20;11,781;14,073;60,969;14,073;TUBE.1621
149;20;10,969;14,073;61,781;14,073;TUBE.1622
151;20;10,156;14,073;62,594;14,073;TUBE.1623
153;20;9,344;14,073;63,406;14,073;TUBE.1624
155;20;8,531;14,073;64,219;14,073;TUBE.1625
157;20;7,719;14,073;65,031;14,073;TUBE.1626
159;20;6,906;14,073;65,844;14,073;TUBE.1627
161;20;6,094;14,073;66,656;14,073;TUBE.1628
16;21;66,25;14,776;6,5;14,776;TUBE.1629
18;21;65,438;14,776;7,312;14,776;TUBE.1630
20;21;64,625;14,776;8,125;14,776;TUBE.1631
22;21;63,812;14,776;8,938;14,776;TUBE.1632
24;21;63;14,776;9,75;14,776;TUBE.1633
26;21;62,188;14,776;10,562;14,776;TUBE.1634
28;21;61,375;14,776;11,375;14,776;TUBE.1635
30;21;60,562;14,776;12,188;14,776;TUBE.1636
32;21;59,75;14,776;13;14,776;TUBE.1637
34;21;58,938;14,776;13,812;14,776;TUBE.1638
36;21;58,125;14,776;14,625;14,776;TUBE.1639
38;21;57,312;14,776;15,438;14,776;TUBE.1640
40;21;56,5;14,776;16,25;14,776;TUBE.1641
42;21;55,688;14,776;17,062;14,776;TUBE.1642
44;21;54,875;14,776;17,875;14,776;TUBE.1643
46;21;54,062;14,776;18,688;14,776;TUBE.1644
48;21;53,25;14,776;19,5;14,776;TUBE.1645
50;21;52,438;14,776;20,312;14,776;TUBE.1646
52;21;51,625;14,776;21,125;14,776;TUBE.1647
54;21;50,812;14,776;21,938;14,776;TUBE.1648
56;21;50;14,776;22,75;14,776;TUBE.1649
58;21;49,188;14,776;23,562;14,776;TUBE.1650
60;21;48,375;14,776;24,375;14,776;TUBE.1651
62;21;47,562;14,776;25,188;14,776;TUBE.1652
64;21;46,75;14,776;26;14,776;TUBE.1653
66;21;45,938;14,776;26,812;14,776;TUBE.1654
68;21;45,125;14,776;27,625;14,776;TUBE.1655
70;21;44,312;14,776;28,438;14,776;TUBE.1656
72;21;43,5;14,776;29,25;14,776;TUBE.1657
74;21;42,688;14,776;30,062;14,776;TUBE.1658
76;21;41,875;14,776;30,875;14,776;TUBE.1659
78;21;41,062;14,776;31,688;14,776;TUBE.1660
80;21;40,25;14,776;32,5;14,776;TUBE.1661
82;21;39,438;14,776;33,312;14,776;TUBE.1662
84;21;38,625;14,776;34,125;14,776;TUBE.1663
86;21;37,812;14,776;34,938;14,776;TUBE.1664
90;21;34,938;14,776;37,812;14,776;TUBE.1665
92;21;34,125;14,776;38,625;14,776;TUBE.1666
94;21;33,312;14,776;39,438;14,776;TUBE.1667
96;21;32,5;14,776;40,25;14,776;TUBE.1668
98;21;31,688;14,776;41,062;14,776;TUBE.1669
100;21;30,875;14,776;41,875;14,776;TUBE.1670
102;21;30,062;14,776;42,688;14,776;TUBE.1671
104;21;29,25;14,776;43,5;14,776;TUBE.1672
106;21;28,438;14,776;44,312;14,776;TUBE.1673
108;21;27,625;14,776;45,125;14,776;TUBE.1674
110;21;26,812;14,776;45,938;14,776;TUBE.1675
112;21;26;14,776;46,75;14,776;TUBE.1676
114;21;25,188;14,776;47,562;14,776;TUBE.1677
116;21;24,375;14,776;48,375;14,776;TUBE.1678
118;21;23,562;14,776;49,188;14,776;TUBE.1679
120;21;22,75;14,776;50;14,776;TUBE.1680
122;21;21,938;14,776;50,812;14,776;TUBE.1681
124;21;21,125;14,776;51,625;14,776;TUBE.1682
126;21;20,312;14,776;52,438;14,776;TUBE.1683
128;21;19,5;14,776;53,25;14,776;TUBE.1684
130;21;18,688;14,776;54,062;14,776;TUBE.1685
132;21;17,875;14,776;54,875;14,776;TUBE.1686
134;21;17,062;14,776;55,688;14,776;TUBE.1687
136;21;16,25;14,776;56,5;14,776;TUBE.1688
138;21;15,438;14,776;57,312;14,776;TUBE.1689
140;21;14,625;14,776;58,125;14,776;TUBE.1690
142;21;13,812;14,776;58,938;14,776;TUBE.1691
144;21;13;14,776;59,75;14,776;TUBE.1692
146;21;12,188;14,776;60,562;14,776;TUBE.1693
148;21;11,375;14,776;61,375;14,776;TUBE.1694
150;21;10,562;14,776;62,188;14,776;TUBE.1695
152;21;9,75;14,776;63;14,776;TUBE.1696
154;21;8,938;14,776;63,812;14,776;TUBE.1697
156;21;8,125;14,776;64,625;14,776;TUBE.1698
158;21;7,312;14,776;65,438;14,776;TUBE.1699
160;21;6,5;14,776;66,25;14,776;TUBE.1700
17;22;65,844;15,48;6,906;15,48;TUBE.1701
19;22;65,031;15,48;7,719;15,48;TUBE.1702
21;22;64,219;15,48;8,531;15,48;TUBE.1703
23;22;63,406;15,48;9,344;15,48;TUBE.1704
25;22;62,594;15,48;10,156;15,48;TUBE.1705
27;22;61,781;15,48;10,969;15,48;TUBE.1706
29;22;60,969;15,48;11,781;15,48;TUBE.1707
31;22;60,156;15,48;12,594;15,48;TUBE.1708
33;22;59,344;15,48;13,406;15,48;TUBE.1709
35;22;58,531;15,48;14,219;15,48;TUBE.1710
37;22;57,719;15,48;15,031;15,48;TUBE.1711
39;22;56,906;15,48;15,844;15,48;TUBE.1712
41;22;56,094;15,48;16,656;15,48;TUBE.1713
43;22;55,281;15,48;17,469;15,48;TUBE.1714
45;22;54,469;15,48;18,281;15,48;TUBE.1715
47;22;53,656;15,48;19,094;15,48;TUBE.1716
49;22;52,844;15,48;19,906;15,48;TUBE.1717
51;22;52,031;15,48;20,719;15,48;TUBE.1718
53;22;51,219;15,48;21,531;15,48;TUBE.1719
55;22;50,406;15,48;22,344;15,48;TUBE.1720
57;22;49,594;15,48;23,156;15,48;TUBE.1721
59;22;48,781;15,48;23,969;15,48;TUBE.1722
61;22;47,969;15,48;24,781;15,48;TUBE.1723
63;22;47,156;15,48;25,594;15,48;TUBE.1724
65;22;46,344;15,48;26,406;15,48;TUBE.1725
67;22;45,531;15,48;27,219;15,48;TUBE.1726
69;22;44,719;15,48;28,031;15,48;TUBE.1727
71;22;43,906;15,48;28,844;15,48;TUBE.1728
73;22;43,094;15,48;29,656;15,48;TUBE.1729
75;22;42,281;15,48;30,469;15,48;TUBE.1730
77;22;41,469;15,48;31,281;15,48;TUBE.1731
79;22;40,656;15,48;32,094;15,48;TUBE.1732
81;22;39,844;15,48;32,906;15,48;TUBE.1733
83;22;39,031;15,48;33,719;15,48;TUBE.1734
85;22;38,219;15,48;34,531;15,48;TUBE.1735
87;22;37,406;15,48;35,344;15,48;TUBE.1736
89;22;35,344;15,48;37,406;15,48;TUBE.1737
91;22;34,531;15,48;38,219;15,48;TUBE.1738
93;22;33,719;15,48;39,031;15,48;TUBE.1739
95;22;32,906;15,48;39,844;15,48;TUBE.1740
97;22;32,094;15,48;40,656;15,48;TUBE.1741
99;22;31,281;15,48;41,469;15,48;TUBE.1742
101;22;30,469;15,48;42,281;15,48;TUBE.1743
103;22;29,656;15,48;43,094;15,48;TUBE.1744
105;22;28,844;15,48;43,906;15,48;TUBE.1745
107;22;28,031;15,48;44,719;15,48;TUBE.1746
109;22;27,219;15,48;45,531;15,48;TUBE.1747
111;22;26,406;15,48;46,344;15,48;TUBE.1748
113;22;25,594;15,48;47,156;15,48;TUBE.1749
115;22;24,781;15,48;47,969;15,48;TUBE.1750
117;22;23,969;15,48;48,781;15,48;TUBE.1751
119;22;23,156;15,48;49,594;15,48;TUBE.1752
121;22;22,344;15,48;50,406;15,48;TUBE.1753
123;22;21,531;15,48;51,219;15,48;TUBE.1754
125;22;20,719;15,48;52,031;15,48;TUBE.1755
127;22;19,906;15,48;52,844;15,48;TUBE.1756
129;22;19,094;15,48;53,656;15,48;TUBE.1757
131;22;18,281;15,48;54,469;15,48;TUBE.1758
133;22;17,469;15,48;55,281;15,48;TUBE.1759
135;22;16,656;15,48;56,094;15,48;TUBE.1760
137;22;15,844;15,48;56,906;15,48;TUBE.1761
139;22;15,031;15,48;57,719;15,48;TUBE.1762
141;22;14,219;15,48;58,531;15,48;TUBE.1763
143;22;13,406;15,48;59,344;15,48;TUBE.1764
145;22;12,594;15,48;60,156;15,48;TUBE.1765
147;22;11,781;15,48;60,969;15,48;TUBE.1766
149;22;10,969;15,48;61,781;15,48;TUBE.1767
151;22;10,156;15,48;62,594;15,48;TUBE.1768
153;22;9,344;15,48;63,406;15,48;TUBE.1769
155;22;8,531;15,48;64,219;15,48;TUBE.1770
157;22;7,719;15,48;65,031;15,48;TUBE.1771
159;22;6,906;15,48;65,844;15,48;TUBE.1772
18;23;65,438;16,184;7,312;16,184;TUBE.1773
20;23;64,625;16,184;8,125;16,184;TUBE.1774
22;23;63,812;16,184;8,938;16,184;TUBE.1775
24;23;63;16,184;9,75;16,184;TUBE.1776
26;23;62,188;16,184;10,562;16,184;TUBE.1777
28;23;61,375;16,184;11,375;16,184;TUBE.1778
30;23;60,562;16,184;12,188;16,184;TUBE.1779
32;23;59,75;16,184;13;16,184;TUBE.1780
34;23;58,938;16,184;13,812;16,184;TUBE.1781
36;23;58,125;16,184;14,625;16,184;TUBE.1782
38;23;57,312;16,184;15,438;16,184;TUBE.1783
40;23;56,5;16,184;16,25;16,184;TUBE.1784
42;23;55,688;16,184;17,062;16,184;TUBE.1785
44;23;54,875;16,184;17,875;16,184;TUBE.1786
46;23;54,062;16,184;18,688;16,184;TUBE.1787
48;23;53,25;16,184;19,5;16,184;TUBE.1788
50;23;52,438;16,184;20,312;16,184;TUBE.1789
52;23;51,625;16,184;21,125;16,184;TUBE.1790
54;23;50,812;16,184;21,938;16,184;TUBE.1791
56;23;50;16,184;22,75;16,184;TUBE.1792
58;23;49,188;16,184;23,562;16,184;TUBE.1793
60;23;48,375;16,184;24,375;16,184;TUBE.1794
62;23;47,562;16,184;25,188;16,184;TUBE.1795
64;23;46,75;16,184;26;16,184;TUBE.1796
66;23;45,938;16,184;26,812;16,184;TUBE.1797
68;23;45,125;16,184;27,625;16,184;TUBE.1798
70;23;44,312;16,184;28,438;16,184;TUBE.1799
72;23;43,5;16,184;29,25;16,184;TUBE.1800
74;23;42,688;16,184;30,062;16,184;TUBE.1801
76;23;41,875;16,184;30,875;16,184;TUBE.1802
78;23;41,062;16,184;31,688;16,184;TUBE.1803
80;23;40,25;16,184;32,5;16,184;TUBE.1804
82;23;39,438;16,184;33,312;16,184;TUBE.1805
84;23;38,625;16,184;34,125;16,184;TUBE.1806
86;23;37,812;16,184;34,938;16,184;TUBE.1807
90;23;34,938;16,184;37,812;16,184;TUBE.1808
92;23;34,125;16,184;38,625;16,184;TUBE.1809
94;23;33,312;16,184;39,438;16,184;TUBE.1810
96;23;32,5;16,184;40,25;16,184;TUBE.1811
98;23;31,688;16,184;41,062;16,184;TUBE.1812
100;23;30,875;16,184;41,875;16,184;TUBE.1813
102;23;30,062;16,184;42,688;16,184;TUBE.1814
104;23;29,25;16,184;43,5;16,184;TUBE.1815
106;23;28,438;16,184;44,312;16,184;TUBE.1816
108;23;27,625;16,184;45,125;16,184;TUBE.1817
110;23;26,812;16,184;45,938;16,184;TUBE.1818
112;23;26;16,184;46,75;16,184;TUBE.1819
114;23;25,188;16,184;47,562;16,184;TUBE.1820
116;23;24,375;16,184;48,375;16,184;TUBE.1821
118;23;23,562;16,184;49,188;16,184;TUBE.1822
120;23;22,75;16,184;50;16,184;TUBE.1823
122;23;21,938;16,184;50,812;16,184;TUBE.1824
124;23;21,125;16,184;51,625;16,184;TUBE.1825
126;23;20,312;16,184;52,438;16,184;TUBE.1826
128;23;19,5;16,184;53,25;16,184;TUBE.1827
130;23;18,688;16,184;54,062;16,184;TUBE.1828
132;23;17,875;16,184;54,875;16,184;TUBE.1829
134;23;17,062;16,184;55,688;16,184;TUBE.1830
136;23;16,25;16,184;56,5;16,184;TUBE.1831
138;23;15,438;16,184;57,312;16,184;TUBE.1832
140;23;14,625;16,184;58,125;16,184;TUBE.1833
142;23;13,812;16,184;58,938;16,184;TUBE.1834
144;23;13;16,184;59,75;16,184;TUBE.1835
146;23;12,188;16,184;60,562;16,184;TUBE.1836
148;23;11,375;16,184;61,375;16,184;TUBE.1837
150;23;10,562;16,184;62,188;16,184;TUBE.1838
152;23;9,75;16,184;63;16,184;TUBE.1839
154;23;8,938;16,184;63,812;16,184;TUBE.1840
156;23;8,125;16,184;64,625;16,184;TUBE.1841
158;23;7,312;16,184;65,438;16,184;TUBE.1842
19;24;65,031;16,887;7,719;16,887;TUBE.1843
21;24;64,219;16,887;8,531;16,887;TUBE.1844
23;24;63,406;16,887;9,344;16,887;TUBE.1845
25;24;62,594;16,887;10,156;16,887;TUBE.1846
27;24;61,781;16,887;10,969;16,887;TUBE.1847
29;24;60,969;16,887;11,781;16,887;TUBE.1848
31;24;60,156;16,887;12,594;16,887;TUBE.1849
33;24;59,344;16,887;13,406;16,887;TUBE.1850
35;24;58,531;16,887;14,219;16,887;TUBE.1851
37;24;57,719;16,887;15,031;16,887;TUBE.1852
39;24;56,906;16,887;15,844;16,887;TUBE.1853
41;24;56,094;16,887;16,656;16,887;TUBE.1854
43;24;55,281;16,887;17,469;16,887;TUBE.1855
45;24;54,469;16,887;18,281;16,887;TUBE.1856
47;24;53,656;16,887;19,094;16,887;TUBE.1857
49;24;52,844;16,887;19,906;16,887;TUBE.1858
51;24;52,031;16,887;20,719;16,887;TUBE.1859
53;24;51,219;16,887;21,531;16,887;TUBE.1860
55;24;50,406;16,887;22,344;16,887;TUBE.1861
57;24;49,594;16,887;23,156;16,887;TUBE.1862
59;24;48,781;16,887;23,969;16,887;TUBE.1863
61;24;47,969;16,887;24,781;16,887;TUBE.1864
63;24;47,156;16,887;25,594;16,887;TUBE.1865
65;24;46,344;16,887;26,406;16,887;TUBE.1866
67;24;45,531;16,887;27,219;16,887;TUBE.1867
69;24;44,719;16,887;28,031;16,887;TUBE.1868
71;24;43,906;16,887;28,844;16,887;TUBE.1869
73;24;43,094;16,887;29,656;16,887;TUBE.1870
75;24;42,281;16,887;30,469;16,887;TUBE.1871
77;24;41,469;16,887;31,281;16,887;TUBE.1872
79;24;40,656;16,887;32,094;16,887;TUBE.1873
81;24;39,844;16,887;32,906;16,887;TUBE.1874
83;24;39,031;16,887;33,719;16,887;TUBE.1875
85;24;38,219;16,887;34,531;16,887;TUBE.1876
87;24;37,406;16,887;35,344;16,887;TUBE.1877
89;24;35,344;16,887;37,406;16,887;TUBE.1878
91;24;34,531;16,887;38,219;16,887;TUBE.1879
93;24;33,719;16,887;39,031;16,887;TUBE.1880
95;24;32,906;16,887;39,844;16,887;TUBE.1881
97;24;32,094;16,887;40,656;16,887;TUBE.1882
99;24;31,281;16,887;41,469;16,887;TUBE.1883
101;24;30,469;16,887;42,281;16,887;TUBE.1884
103;24;29,656;16,887;43,094;16,887;TUBE.1885
105;24;28,844;16,887;43,906;16,887;TUBE.1886
107;24;28,031;16,887;44,719;16,887;TUBE.1887
109;24;27,219;16,887;45,531;16,887;TUBE.1888
111;24;26,406;16,887;46,344;16,887;TUBE.1889
113;24;25,594;16,887;47,156;16,887;TUBE.1890
115;24;24,781;16,887;47,969;16,887;TUBE.1891
117;24;23,969;16,887;48,781;16,887;TUBE.1892
119;24;23,156;16,887;49,594;16,887;TUBE.1893
121;24;22,344;16,887;50,406;16,887;TUBE.1894
123;24;21,531;16,887;51,219;16,887;TUBE.1895
125;24;20,719;16,887;52,031;16,887;TUBE.1896
127;24;19,906;16,887;52,844;16,887;TUBE.1897
129;24;19,094;16,887;53,656;16,887;TUBE.1898
131;24;18,281;16,887;54,469;16,887;TUBE.1899
133;24;17,469;16,887;55,281;16,887;TUBE.1900
135;24;16,656;16,887;56,094;16,887;TUBE.1901
137;24;15,844;16,887;56,906;16,887;TUBE.1902
139;24;15,031;16,887;57,719;16,887;TUBE.1903
141;24;14,219;16,887;58,531;16,887;TUBE.1904
143;24;13,406;16,887;59,344;16,887;TUBE.1905
145;24;12,594;16,887;60,156;16,887;TUBE.1906
147;24;11,781;16,887;60,969;16,887;TUBE.1907
149;24;10,969;16,887;61,781;16,887;TUBE.1908
151;24;10,156;16,887;62,594;16,887;TUBE.1909
153;24;9,344;16,887;63,406;16,887;TUBE.1910
155;24;8,531;16,887;64,219;16,887;TUBE.1911
157;24;7,719;16,887;65,031;16,887;TUBE.1912
22;25;63,812;17,591;8,938;17,591;TUBE.1913
24;25;63;17,591;9,75;17,591;TUBE.1914
26;25;62,188;17,591;10,562;17,591;TUBE.1915
28;25;61,375;17,591;11,375;17,591;TUBE.1916
30;25;60,562;17,591;12,188;17,591;TUBE.1917
32;25;59,75;17,591;13;17,591;TUBE.1918
34;25;58,938;17,591;13,812;17,591;TUBE.1919
36;25;58,125;17,591;14,625;17,591;TUBE.1920
38;25;57,312;17,591;15,438;17,591;TUBE.1921
40;25;56,5;17,591;16,25;17,591;TUBE.1922
42;25;55,688;17,591;17,062;17,591;TUBE.1923
44;25;54,875;17,591;17,875;17,591;TUBE.1924
46;25;54,062;17,591;18,688;17,591;TUBE.1925
48;25;53,25;17,591;19,5;17,591;TUBE.1926
50;25;52,438;17,591;20,312;17,591;TUBE.1927
52;25;51,625;17,591;21,125;17,591;TUBE.1928
54;25;50,812;17,591;21,938;17,591;TUBE.1929
56;25;50;17,591;22,75;17,591;TUBE.1930
58;25;49,188;17,591;23,562;17,591;TUBE.1931
60;25;48,375;17,591;24,375;17,591;TUBE.1932
62;25;47,562;17,591;25,188;17,591;TUBE.1933
64;25;46,75;17,591;26;17,591;TUBE.1934
66;25;45,938;17,591;26,812;17,591;TUBE.1935
68;25;45,125;17,591;27,625;17,591;TUBE.1936
70;25;44,312;17,591;28,438;17,591;TUBE.1937
72;25;43,5;17,591;29,25;17,591;TUBE.1938
74;25;42,688;17,591;30,062;17,591;TUBE.1939
76;25;41,875;17,591;30,875;17,591;TUBE.1940
78;25;41,062;17,591;31,688;17,591;TUBE.1941
80;25;40,25;17,591;32,5;17,591;TUBE.1942
82;25;39,438;17,591;33,312;17,591;TUBE.1943
84;25;38,625;17,591;34,125;17,591;TUBE.1944
86;25;37,812;17,591;34,938;17,591;TUBE.1945
90;25;34,938;17,591;37,812;17,591;TUBE.1946
92;25;34,125;17,591;38,625;17,591;TUBE.1947
94;25;33,312;17,591;39,438;17,591;TUBE.1948
96;25;32,5;17,591;40,25;17,591;TUBE.1949
98;25;31,688;17,591;41,062;17,591;TUBE.1950
100;25;30,875;17,591;41,875;17,591;TUBE.1951
102;25;30,062;17,591;42,688;17,591;TUBE.1952
104;25;29,25;17,591;43,5;17,591;TUBE.1953
106;25;28,438;17,591;44,312;17,591;TUBE.1954
108;25;27,625;17,591;45,125;17,591;TUBE.1955
110;25;26,812;17,591;45,938;17,591;TUBE.1956
112;25;26;17,591;46,75;17,591;TUBE.1957
114;25;25,188;17,591;47,562;17,591;TUBE.1958
116;25;24,375;17,591;48,375;17,591;TUBE.1959
118;25;23,562;17,591;49,188;17,591;TUBE.1960
120;25;22,75;17,591;50;17,591;TUBE.1961
122;25;21,938;17,591;50,812;17,591;TUBE.1962
124;25;21,125;17,591;51,625;17,591;TUBE.1963
126;25;20,312;17,591;52,438;17,591;TUBE.1964
128;25;19,5;17,591;53,25;17,591;TUBE.1965
130;25;18,688;17,591;54,062;17,591;TUBE.1966
132;25;17,875;17,591;54,875;17,591;TUBE.1967
134;25;17,062;17,591;55,688;17,591;TUBE.1968
136;25;16,25;17,591;56,5;17,591;TUBE.1969
138;25;15,438;17,591;57,312;17,591;TUBE.1970
140;25;14,625;17,591;58,125;17,591;TUBE.1971
142;25;13,812;17,591;58,938;17,591;TUBE.1972
144;25;13;17,591;59,75;17,591;TUBE.1973
146;25;12,188;17,591;60,562;17,591;TUBE.1974
148;25;11,375;17,591;61,375;17,591;TUBE.1975
150;25;10,562;17,591;62,188;17,591;TUBE.1976
152;25;9,75;17,591;63;17,591;TUBE.1977
154;25;8,938;17,591;63,812;17,591;TUBE.1978
23;26;63,406;18,295;9,344;18,295;TUBE.1979
25;26;62,594;18,295;10,156;18,295;TUBE.1980
27;26;61,781;18,295;10,969;18,295;TUBE.1981
29;26;60,969;18,295;11,781;18,295;TUBE.1982
31;26;60,156;18,295;12,594;18,295;TUBE.1983
33;26;59,344;18,295;13,406;18,295;TUBE.1984
35;26;58,531;18,295;14,219;18,295;TUBE.1985
37;26;57,719;18,295;15,031;18,295;TUBE.1986
39;26;56,906;18,295;15,844;18,295;TUBE.1987
41;26;56,094;18,295;16,656;18,295;TUBE.1988
43;26;55,281;18,295;17,469;18,295;TUBE.1989
45;26;54,469;18,295;18,281;18,295;TUBE.1990
47;26;53,656;18,295;19,094;18,295;TUBE.1991
49;26;52,844;18,295;19,906;18,295;TUBE.1992
51;26;52,031;18,295;20,719;18,295;TUBE.1993
53;26;51,219;18,295;21,531;18,295;TUBE.1994
55;26;50,406;18,295;22,344;18,295;TUBE.1995
57;26;49,594;18,295;23,156;18,295;TUBE.1996
59;26;48,781;18,295;23,969;18,295;TUBE.1997
61;26;47,969;18,295;24,781;18,295;TUBE.1998
63;26;47,156;18,295;25,594;18,295;TUBE.1999
65;26;46,344;18,295;26,406;18,295;TUBE.2000
67;26;45,531;18,295;27,219;18,295;TUBE.2001
69;26;44,719;18,295;28,031;18,295;TUBE.2002
71;26;43,906;18,295;28,844;18,295;TUBE.2003
73;26;43,094;18,295;29,656;18,295;TUBE.2004
75;26;42,281;18,295;30,469;18,295;TUBE.2005
77;26;41,469;18,295;31,281;18,295;TUBE.2006
79;26;40,656;18,295;32,094;18,295;TUBE.2007
81;26;39,844;18,295;32,906;18,295;TUBE.2008
83;26;39,031;18,295;33,719;18,295;TUBE.2009
85;26;38,219;18,295;34,531;18,295;TUBE.2010
87;26;37,406;18,295;35,344;18,295;TUBE.2011
89;26;35,344;18,295;37,406;18,295;TUBE.2012
91;26;34,531;18,295;38,219;18,295;TUBE.2013
93;26;33,719;18,295;39,031;18,295;TUBE.2014
95;26;32,906;18,295;39,844;18,295;TUBE.2015
97;26;32,094;18,295;40,656;18,295;TUBE.2016
99;26;31,281;18,295;41,469;18,295;TUBE.2017
101;26;30,469;18,295;42,281;18,295;TUBE.2018
103;26;29,656;18,295;43,094;18,295;TUBE.2019
105;26;28,844;18,295;43,906;18,295;TUBE.2020
107;26;28,031;18,295;44,719;18,295;TUBE.2021
109;26;27,219;18,295;45,531;18,295;TUBE.2022
111;26;26,406;18,295;46,344;18,295;TUBE.2023
113;26;25,594;18,295;47,156;18,295;TUBE.2024
115;26;24,781;18,295;47,969;18,295;TUBE.2025
117;26;23,969;18,295;48,781;18,295;TUBE.2026
119;26;23,156;18,295;49,594;18,295;TUBE.2027
121;26;22,344;18,295;50,406;18,295;TUBE.2028
123;26;21,531;18,295;51,219;18,295;TUBE.2029
125;26;20,719;18,295;52,031;18,295;TUBE.2030
127;26;19,906;18,295;52,844;18,295;TUBE.2031
129;26;19,094;18,295;53,656;18,295;TUBE.2032
131;26;18,281;18,295;54,469;18,295;TUBE.2033
133;26;17,469;18,295;55,281;18,295;TUBE.2034
135;26;16,656;18,295;56,094;18,295;TUBE.2035
137;26;15,844;18,295;56,906;18,295;TUBE.2036
139;26;15,031;18,295;57,719;18,295;TUBE.2037
141;26;14,219;18,295;58,531;18,295;TUBE.2038
143;26;13,406;18,295;59,344;18,295;TUBE.2039
145;26;12,594;18,295;60,156;18,295;TUBE.2040
147;26;11,781;18,295;60,969;18,295;TUBE.2041
149;26;10,969;18,295;61,781;18,295;TUBE.2042
151;26;10,156;18,295;62,594;18,295;TUBE.2043
153;26;9,344;18,295;63,406;18,295;TUBE.2044
24;27;63;18,998;9,75;18,998;TUBE.2045
26;27;62,188;18,998;10,562;18,998;TUBE.2046
28;27;61,375;18,998;11,375;18,998;TUBE.2047
30;27;60,562;18,998;12,188;18,998;TUBE.2048
32;27;59,75;18,998;13;18,998;TUBE.2049
34;27;58,938;18,998;13,812;18,998;TUBE.2050
36;27;58,125;18,998;14,625;18,998;TUBE.2051
38;27;57,312;18,998;15,438;18,998;TUBE.2052
40;27;56,5;18,998;16,25;18,998;TUBE.2053
42;27;55,688;18,998;17,062;18,998;TUBE.2054
44;27;54,875;18,998;17,875;18,998;TUBE.2055
46;27;54,062;18,998;18,688;18,998;TUBE.2056
48;27;53,25;18,998;19,5;18,998;TUBE.2057
50;27;52,438;18,998;20,312;18,998;TUBE.2058
52;27;51,625;18,998;21,125;18,998;TUBE.2059
54;27;50,812;18,998;21,938;18,998;TUBE.2060
56;27;50;18,998;22,75;18,998;TUBE.2061
58;27;49,188;18,998;23,562;18,998;TUBE.2062
60;27;48,375;18,998;24,375;18,998;TUBE.2063
62;27;47,562;18,998;25,188;18,998;TUBE.2064
64;27;46,75;18,998;26;18,998;TUBE.2065
66;27;45,938;18,998;26,812;18,998;TUBE.2066
68;27;45,125;18,998;27,625;18,998;TUBE.2067
70;27;44,312;18,998;28,438;18,998;TUBE.2068
72;27;43,5;18,998;29,25;18,998;TUBE.2069
74;27;42,688;18,998;30,062;18,998;TUBE.2070
76;27;41,875;18,998;30,875;18,998;TUBE.2071
78;27;41,062;18,998;31,688;18,998;TUBE.2072
80;27;40,25;18,998;32,5;18,998;TUBE.2073
82;27;39,438;18,998;33,312;18,998;TUBE.2074
84;27;38,625;18,998;34,125;18,998;TUBE.2075
86;27;37,812;18,998;34,938;18,998;TUBE.2076
90;27;34,938;18,998;37,812;18,998;TUBE.2077
92;27;34,125;18,998;38,625;18,998;TUBE.2078
94;27;33,312;18,998;39,438;18,998;TUBE.2079
96;27;32,5;18,998;40,25;18,998;TUBE.2080
98;27;31,688;18,998;41,062;18,998;TUBE.2081
100;27;30,875;18,998;41,875;18,998;TUBE.2082
102;27;30,062;18,998;42,688;18,998;TUBE.2083
104;27;29,25;18,998;43,5;18,998;TUBE.2084
106;27;28,438;18,998;44,312;18,998;TUBE.2085
108;27;27,625;18,998;45,125;18,998;TUBE.2086
110;27;26,812;18,998;45,938;18,998;TUBE.2087
112;27;26;18,998;46,75;18,998;TUBE.2088
114;27;25,188;18,998;47,562;18,998;TUBE.2089
116;27;24,375;18,998;48,375;18,998;TUBE.2090
118;27;23,562;18,998;49,188;18,998;TUBE.2091
120;27;22,75;18,998;50;18,998;TUBE.2092
122;27;21,938;18,998;50,812;18,998;TUBE.2093
124;27;21,125;18,998;51,625;18,998;TUBE.2094
126;27;20,312;18,998;52,438;18,998;TUBE.2095
128;27;19,5;18,998;53,25;18,998;TUBE.2096
130;27;18,688;18,998;54,062;18,998;TUBE.2097
132;27;17,875;18,998;54,875;18,998;TUBE.2098
134;27;17,062;18,998;55,688;18,998;TUBE.2099
136;27;16,25;18,998;56,5;18,998;TUBE.2100
138;27;15,438;18,998;57,312;18,998;TUBE.2101
140;27;14,625;18,998;58,125;18,998;TUBE.2102
142;27;13,812;18,998;58,938;18,998;TUBE.2103
144;27;13;18,998;59,75;18,998;TUBE.2104
146;27;12,188;18,998;60,562;18,998;TUBE.2105
148;27;11,375;18,998;61,375;18,998;TUBE.2106
150;27;10,562;18,998;62,188;18,998;TUBE.2107
152;27;9,75;18,998;63;18,998;TUBE.2108
25;28;62,594;19,702;10,156;19,702;TUBE.2109
27;28;61,781;19,702;10,969;19,702;TUBE.2110
29;28;60,969;19,702;11,781;19,702;TUBE.2111
31;28;60,156;19,702;12,594;19,702;TUBE.2112
33;28;59,344;19,702;13,406;19,702;TUBE.2113
35;28;58,531;19,702;14,219;19,702;TUBE.2114
37;28;57,719;19,702;15,031;19,702;TUBE.2115
39;28;56,906;19,702;15,844;19,702;TUBE.2116
41;28;56,094;19,702;16,656;19,702;TUBE.2117
43;28;55,281;19,702;17,469;19,702;TUBE.2118
45;28;54,469;19,702;18,281;19,702;TUBE.2119
47;28;53,656;19,702;19,094;19,702;TUBE.2120
49;28;52,844;19,702;19,906;19,702;TUBE.2121
51;28;52,031;19,702;20,719;19,702;TUBE.2122
53;28;51,219;19,702;21,531;19,702;TUBE.2123
55;28;50,406;19,702;22,344;19,702;TUBE.2124
57;28;49,594;19,702;23,156;19,702;TUBE.2125
59;28;48,781;19,702;23,969;19,702;TUBE.2126
61;28;47,969;19,702;24,781;19,702;TUBE.2127
63;28;47,156;19,702;25,594;19,702;TUBE.2128
65;28;46,344;19,702;26,406;19,702;TUBE.2129
67;28;45,531;19,702;27,219;19,702;TUBE.2130
69;28;44,719;19,702;28,031;19,702;TUBE.2131
71;28;43,906;19,702;28,844;19,702;TUBE.2132
73;28;43,094;19,702;29,656;19,702;TUBE.2133
75;28;42,281;19,702;30,469;19,702;TUBE.2134
77;28;41,469;19,702;31,281;19,702;TUBE.2135
79;28;40,656;19,702;32,094;19,702;TUBE.2136
81;28;39,844;19,702;32,906;19,702;TUBE.2137
83;28;39,031;19,702;33,719;19,702;TUBE.2138
85;28;38,219;19,702;34,531;19,702;TUBE.2139
87;28;37,406;19,702;35,344;19,702;TUBE.2140
89;28;35,344;19,702;37,406;19,702;TUBE.2141
91;28;34,531;19,702;38,219;19,702;TUBE.2142
93;28;33,719;19,702;39,031;19,702;TUBE.2143
95;28;32,906;19,702;39,844;19,702;TUBE.2144
97;28;32,094;19,702;40,656;19,702;TUBE.2145
99;28;31,281;19,702;41,469;19,702;TUBE.2146
101;28;30,469;19,702;42,281;19,702;TUBE.2147
103;28;29,656;19,702;43,094;19,702;TUBE.2148
105;28;28,844;19,702;43,906;19,702;TUBE.2149
107;28;28,031;19,702;44,719;19,702;TUBE.2150
109;28;27,219;19,702;45,531;19,702;TUBE.2151
111;28;26,406;19,702;46,344;19,702;TUBE.2152
113;28;25,594;19,702;47,156;19,702;TUBE.2153
115;28;24,781;19,702;47,969;19,702;TUBE.2154
117;28;23,969;19,702;48,781;19,702;TUBE.2155
119;28;23,156;19,702;49,594;19,702;TUBE.2156
121;28;22,344;19,702;50,406;19,702;TUBE.2157
123;28;21,531;19,702;51,219;19,702;TUBE.2158
125;28;20,719;19,702;52,031;19,702;TUBE.2159
127;28;19,906;19,702;52,844;19,702;TUBE.2160
129;28;19,094;19,702;53,656;19,702;TUBE.2161
131;28;18,281;19,702;54,469;19,702;TUBE.2162
133;28;17,469;19,702;55,281;19,702;TUBE.2163
135;28;16,656;19,702;56,094;19,702;TUBE.2164
137;28;15,844;19,702;56,906;19,702;TUBE.2165
139;28;15,031;19,702;57,719;19,702;TUBE.2166
141;28;14,219;19,702;58,531;19,702;TUBE.2167
143;28;13,406;19,702;59,344;19,702;TUBE.2168
145;28;12,594;19,702;60,156;19,702;TUBE.2169
147;28;11,781;19,702;60,969;19,702;TUBE.2170
149;28;10,969;19,702;61,781;19,702;TUBE.2171
151;28;10,156;19,702;62,594;19,702;TUBE.2172
26;29;62,188;20,406;10,562;20,406;TUBE.2173
28;29;61,375;20,406;11,375;20,406;TUBE.2174
30;29;60,562;20,406;12,188;20,406;TUBE.2175
32;29;59,75;20,406;13;20,406;TUBE.2176
34;29;58,938;20,406;13,812;20,406;TUBE.2177
36;29;58,125;20,406;14,625;20,406;TUBE.2178
38;29;57,312;20,406;15,438;20,406;TUBE.2179
40;29;56,5;20,406;16,25;20,406;TUBE.2180
42;29;55,688;20,406;17,062;20,406;TUBE.2181
44;29;54,875;20,406;17,875;20,406;TUBE.2182
46;29;54,062;20,406;18,688;20,406;TUBE.2183
48;29;53,25;20,406;19,5;20,406;TUBE.2184
50;29;52,438;20,406;20,312;20,406;TUBE.2185
52;29;51,625;20,406;21,125;20,406;TUBE.2186
54;29;50,812;20,406;21,938;20,406;TUBE.2187
56;29;50;20,406;22,75;20,406;TUBE.2188
58;29;49,188;20,406;23,562;20,406;TUBE.2189
60;29;48,375;20,406;24,375;20,406;TUBE.2190
62;29;47,562;20,406;25,188;20,406;TUBE.2191
64;29;46,75;20,406;26;20,406;TUBE.2192
66;29;45,938;20,406;26,812;20,406;TUBE.2193
68;29;45,125;20,406;27,625;20,406;TUBE.2194
70;29;44,312;20,406;28,438;20,406;TUBE.2195
72;29;43,5;20,406;29,25;20,406;TUBE.2196
74;29;42,688;20,406;30,062;20,406;TUBE.2197
76;29;41,875;20,406;30,875;20,406;TUBE.2198
78;29;41,062;20,406;31,688;20,406;TUBE.2199
80;29;40,25;20,406;32,5;20,406;TUBE.2200
82;29;39,438;20,406;33,312;20,406;TUBE.2201
84;29;38,625;20,406;34,125;20,406;TUBE.2202
86;29;37,812;20,406;34,938;20,406;TUBE.2203
90;29;34,938;20,406;37,812;20,406;TUBE.2204
92;29;34,125;20,406;38,625;20,406;TUBE.2205
94;29;33,312;20,406;39,438;20,406;TUBE.2206
96;29;32,5;20,406;40,25;20,406;TUBE.2207
98;29;31,688;20,406;41,062;20,406;TUBE.2208
100;29;30,875;20,406;41,875;20,406;TUBE.2209
102;29;30,062;20,406;42,688;20,406;TUBE.2210
104;29;29,25;20,406;43,5;20,406;TUBE.2211
106;29;28,438;20,406;44,312;20,406;TUBE.2212
108;29;27,625;20,406;45,125;20,406;TUBE.2213
110;29;26,812;20,406;45,938;20,406;TUBE.2214
112;29;26;20,406;46,75;20,406;TUBE.2215
114;29;25,188;20,406;47,562;20,406;TUBE.2216
116;29;24,375;20,406;48,375;20,406;TUBE.2217
118;29;23,562;20,406;49,188;20,406;TUBE.2218
120;29;22,75;20,406;50;20,406;TUBE.2219
122;29;21,938;20,406;50,812;20,406;TUBE.2220
124;29;21,125;20,406;51,625;20,406;TUBE.2221
126;29;20,312;20,406;52,438;20,406;TUBE.2222
128;29;19,5;20,406;53,25;20,406;TUBE.2223
130;29;18,688;20,406;54,062;20,406;TUBE.2224
132;29;17,875;20,406;54,875;20,406;TUBE.2225
134;29;17,062;20,406;55,688;20,406;TUBE.2226
136;29;16,25;20,406;56,5;20,406;TUBE.2227
138;29;15,438;20,406;57,312;20,406;TUBE.2228
140;29;14,625;20,406;58,125;20,406;TUBE.2229
142;29;13,812;20,406;58,938;20,406;TUBE.2230
144;29;13;20,406;59,75;20,406;TUBE.2231
146;29;12,188;20,406;60,562;20,406;TUBE.2232
148;29;11,375;20,406;61,375;20,406;TUBE.2233
150;29;10,562;20,406;62,188;20,406;TUBE.2234
29;30;60,969;21,109;11,781;21,109;TUBE.2235
31;30;60,156;21,109;12,594;21,109;TUBE.2236
33;30;59,344;21,109;13,406;21,109;TUBE.2237
35;30;58,531;21,109;14,219;21,109;TUBE.2238
37;30;57,719;21,109;15,031;21,109;TUBE.2239
39;30;56,906;21,109;15,844;21,109;TUBE.2240
41;30;56,094;21,109;16,656;21,109;TUBE.2241
43;30;55,281;21,109;17,469;21,109;TUBE.2242
45;30;54,469;21,109;18,281;21,109;TUBE.2243
47;30;53,656;21,109;19,094;21,109;TUBE.2244
49;30;52,844;21,109;19,906;21,109;TUBE.2245
51;30;52,031;21,109;20,719;21,109;TUBE.2246
53;30;51,219;21,109;21,531;21,109;TUBE.2247
55;30;50,406;21,109;22,344;21,109;TUBE.2248
57;30;49,594;21,109;23,156;21,109;TUBE.2249
59;30;48,781;21,109;23,969;21,109;TUBE.2250
61;30;47,969;21,109;24,781;21,109;TUBE.2251
63;30;47,156;21,109;25,594;21,109;TUBE.2252
65;30;46,344;21,109;26,406;21,109;TUBE.2253
67;30;45,531;21,109;27,219;21,109;TUBE.2254
69;30;44,719;21,109;28,031;21,109;TUBE.2255
71;30;43,906;21,109;28,844;21,109;TUBE.2256
73;30;43,094;21,109;29,656;21,109;TUBE.2257
75;30;42,281;21,109;30,469;21,109;TUBE.2258
77;30;41,469;21,109;31,281;21,109;TUBE.2259
79;30;40,656;21,109;32,094;21,109;TUBE.2260
81;30;39,844;21,109;32,906;21,109;TUBE.2261
83;30;39,031;21,109;33,719;21,109;TUBE.2262
85;30;38,219;21,109;34,531;21,109;TUBE.2263
87;30;37,406;21,109;35,344;21,109;TUBE.2264
89;30;35,344;21,109;37,406;21,109;TUBE.2265
91;30;34,531;21,109;38,219;21,109;TUBE.2266
93;30;33,719;21,109;39,031;21,109;TUBE.2267
95;30;32,906;21,109;39,844;21,109;TUBE.2268
97;30;32,094;21,109;40,656;21,109;TUBE.2269
99;30;31,281;21,109;41,469;21,109;TUBE.2270
101;30;30,469;21,109;42,281;21,109;TUBE.2271
103;30;29,656;21,109;43,094;21,109;TUBE.2272
105;30;28,844;21,109;43,906;21,109;TUBE.2273
107;30;28,031;21,109;44,719;21,109;TUBE.2274
109;30;27,219;21,109;45,531;21,109;TUBE.2275
111;30;26,406;21,109;46,344;21,109;TUBE.2276
113;30;25,594;21,109;47,156;21,109;TUBE.2277
115;30;24,781;21,109;47,969;21,109;TUBE.2278
117;30;23,969;21,109;48,781;21,109;TUBE.2279
119;30;23,156;21,109;49,594;21,109;TUBE.2280
121;30;22,344;21,109;50,406;21,109;TUBE.2281
123;30;21,531;21,109;51,219;21,109;TUBE.2282
125;30;20,719;21,109;52,031;21,109;TUBE.2283
127;30;19,906;21,109;52,844;21,109;TUBE.2284
129;30;19,094;21,109;53,656;21,109;TUBE.2285
131;30;18,281;21,109;54,469;21,109;TUBE.2286
133;30;17,469;21,109;55,281;21,109;TUBE.2287
135;30;16,656;21,109;56,094;21,109;TUBE.2288
137;30;15,844;21,109;56,906;21,109;TUBE.2289
139;30;15,031;21,109;57,719;21,109;TUBE.2290
141;30;14,219;21,109;58,531;21,109;TUBE.2291
143;30;13,406;21,109;59,344;21,109;TUBE.2292
145;30;12,594;21,109;60,156;21,109;TUBE.2293
147;30;11,781;21,109;60,969;21,109;TUBE.2294
32;31;59,75;21,813;13;21,813;TUBE.2295
34;31;58,938;21,813;13,812;21,813;TUBE.2296
36;31;58,125;21,813;14,625;21,813;TUBE.2297
38;31;57,312;21,813;15,438;21,813;TUBE.2298
40;31;56,5;21,813;16,25;21,813;TUBE.2299
42;31;55,688;21,813;17,062;21,813;TUBE.2300
44;31;54,875;21,813;17,875;21,813;TUBE.2301
46;31;54,062;21,813;18,688;21,813;TUBE.2302
48;31;53,25;21,813;19,5;21,813;TUBE.2303
50;31;52,438;21,813;20,312;21,813;TUBE.2304
52;31;51,625;21,813;21,125;21,813;TUBE.2305
54;31;50,812;21,813;21,938;21,813;TUBE.2306
56;31;50;21,813;22,75;21,813;TUBE.2307
58;31;49,188;21,813;23,562;21,813;TUBE.2308
60;31;48,375;21,813;24,375;21,813;TUBE.2309
62;31;47,562;21,813;25,188;21,813;TUBE.2310
64;31;46,75;21,813;26;21,813;TUBE.2311
66;31;45,938;21,813;26,812;21,813;TUBE.2312
68;31;45,125;21,813;27,625;21,813;TUBE.2313
70;31;44,312;21,813;28,438;21,813;TUBE.2314
72;31;43,5;21,813;29,25;21,813;TUBE.2315
74;31;42,688;21,813;30,062;21,813;TUBE.2316
76;31;41,875;21,813;30,875;21,813;TUBE.2317
78;31;41,062;21,813;31,688;21,813;TUBE.2318
80;31;40,25;21,813;32,5;21,813;TUBE.2319
82;31;39,438;21,813;33,312;21,813;TUBE.2320
84;31;38,625;21,813;34,125;21,813;TUBE.2321
86;31;37,812;21,813;34,938;21,813;TUBE.2322
90;31;34,938;21,813;37,812;21,813;TUBE.2323
92;31;34,125;21,813;38,625;21,813;TUBE.2324
94;31;33,312;21,813;39,438;21,813;TUBE.2325
96;31;32,5;21,813;40,25;21,813;TUBE.2326
98;31;31,688;21,813;41,062;21,813;TUBE.2327
100;31;30,875;21,813;41,875;21,813;TUBE.2328
102;31;30,062;21,813;42,688;21,813;TUBE.2329
104;31;29,25;21,813;43,5;21,813;TUBE.2330
106;31;28,438;21,813;44,312;21,813;TUBE.2331
108;31;27,625;21,813;45,125;21,813;TUBE.2332
110;31;26,812;21,813;45,938;21,813;TUBE.2333
112;31;26;21,813;46,75;21,813;TUBE.2334
114;31;25,188;21,813;47,562;21,813;TUBE.2335
116;31;24,375;21,813;48,375;21,813;TUBE.2336
118;31;23,562;21,813;49,188;21,813;TUBE.2337
120;31;22,75;21,813;50;21,813;TUBE.2338
122;31;21,938;21,813;50,812;21,813;TUBE.2339
124;31;21,125;21,813;51,625;21,813;TUBE.2340
126;31;20,312;21,813;52,438;21,813;TUBE.2341
128;31;19,5;21,813;53,25;21,813;TUBE.2342
130;31;18,688;21,813;54,062;21,813;TUBE.2343
132;31;17,875;21,813;54,875;21,813;TUBE.2344
134;31;17,062;21,813;55,688;21,813;TUBE.2345
136;31;16,25;21,813;56,5;21,813;TUBE.2346
138;31;15,438;21,813;57,312;21,813;TUBE.2347
140;31;14,625;21,813;58,125;21,813;TUBE.2348
142;31;13,812;21,813;58,938;21,813;TUBE.2349
144;31;13;21,813;59,75;21,813;TUBE.2350
55;32;50,406;22,516;22,344;22,516;TUBE.2351
57;32;49,594;22,516;23,156;22,516;TUBE.2352
59;32;48,781;22,516;23,969;22,516;TUBE.2353
61;32;47,969;22,516;24,781;22,516;TUBE.2354
63;32;47,156;22,516;25,594;22,516;TUBE.2355
65;32;46,344;22,516;26,406;22,516;TUBE.2356
67;32;45,531;22,516;27,219;22,516;TUBE.2357
69;32;44,719;22,516;28,031;22,516;TUBE.2358
71;32;43,906;22,516;28,844;22,516;TUBE.2359
73;32;43,094;22,516;29,656;22,516;TUBE.2360
75;32;42,281;22,516;30,469;22,516;TUBE.2361
77;32;41,469;22,516;31,281;22,516;TUBE.2362
79;32;40,656;22,516;32,094;22,516;TUBE.2363
81;32;39,844;22,516;32,906;22,516;TUBE.2364
83;32;39,031;22,516;33,719;22,516;TUBE.2365
85;32;38,219;22,516;34,531;22,516;TUBE.2366
87;32;37,406;22,516;35,344;22,516;TUBE.2367
89;32;35,344;22,516;37,406;22,516;TUBE.2368
91;32;34,531;22,516;38,219;22,516;TUBE.2369
93;32;33,719;22,516;39,031;22,516;TUBE.2370
95;32;32,906;22,516;39,844;22,516;TUBE.2371
97;32;32,094;22,516;40,656;22,516;TUBE.2372
99;32;31,281;22,516;41,469;22,516;TUBE.2373
101;32;30,469;22,516;42,281;22,516;TUBE.2374
103;32;29,656;22,516;43,094;22,516;TUBE.2375
105;32;28,844;22,516;43,906;22,516;TUBE.2376
107;32;28,031;22,516;44,719;22,516;TUBE.2377
109;32;27,219;22,516;45,531;22,516;TUBE.2378
111;32;26,406;22,516;46,344;22,516;TUBE.2379
113;32;25,594;22,516;47,156;22,516;TUBE.2380
115;32;24,781;22,516;47,969;22,516;TUBE.2381
117;32;23,969;22,516;48,781;22,516;TUBE.2382
119;32;23,156;22,516;49,594;22,516;TUBE.2383
121;32;22,344;22,516;50,406;22,516;TUBE.2384
